Unnamed: 0,work_year,experience_level,job_title,salary_currency,salary_in_usd,employee_residence,remote_ratio,company_size,is_large_company,Predicted_Salary
-1.7285901631375231,0.4999015728645699,1.3667798447018338,0.0,0.0,1.4935367283091687,-1.3499270874861087,-1.1872418166181087,-0.0216119607754026,1.0450120617509737,0.53805643
-1.7216619460507996,0.4999015728645699,0.47345968476599465,0.0,0.0,1.6066125732001877,1.346332075269102,-1.1872418166181087,-0.0216119607754026,1.0450120617509737,0.4219584
-1.714733728964076,1.4055203642860443,1.3667798447018338,0.0,0.0,-1.4627525126770424,0.44757902101736496,0.046897285895517775,-0.0216119607754026,1.0450120617509737,0.008174862
-1.7078055118773525,-0.40571721855690457,0.47345968476599465,0.0,0.0,-1.0202082681726055,-1.3499270874861087,-1.1872418166181087,-1.2222764482977682,1.0450120617509737,0.031325676
-1.700877294790629,1.4055203642860443,-1.3131806351056838,0.0,0.0,0.2951149429854804,1.346332075269102,-1.1872418166181087,-1.2222764482977682,-0.9569267538639185,0.04511383
-1.6939490777039055,1.4055203642860443,-1.3131806351056838,0.0,0.0,-0.43502450563648265,-0.4511740332343719,-1.1872418166181087,1.179052526746963,-0.9569267538639185,0.019718498
-1.687020860617182,0.4999015728645699,0.47345968476599465,0.0,0.0,-0.8643223508199693,-1.3499270874861087,1.2810363884091442,-1.2222764482977682,-0.9569267538639185,0.20873486
-1.6800926435304584,0.4999015728645699,-1.3131806351056838,0.0,0.0,-1.536245305766165,-1.3499270874861087,-1.1872418166181087,-1.2222764482977682,-0.9569267538639185,0.0046569947
-1.6731644264437349,-1.3113360099783788,-0.41986047516984465,0.0,0.0,0.9461923854442867,-0.4511740332343719,1.2810363884091442,-0.0216119607754026,-0.9569267538639185,0.66911924
-1.6662362093570113,-1.3113360099783788,1.3667798447018338,0.0,0.0,-0.059545037261886015,-0.4511740332343719,1.2810363884091442,-1.2222764482977682,1.0450120617509737,0.03523067
-1.6593079922702878,1.4055203642860443,-0.41986047516984465,0.0,0.0,0.1821952442554156,-1.3499270874861087,-1.1872418166181087,-0.0216119607754026,-0.9569267538639185,0.13220838
-1.6523797751835643,-0.40571721855690457,1.3667798447018338,0.0,0.0,1.4064592192170284,-0.4511740332343719,1.2810363884091442,1.179052526746963,1.0450120617509737,0.5446903
-1.6454515580968407,0.4999015728645699,-1.3131806351056838,0.0,0.0,1.6136651748032869,0.44757902101736496,-1.1872418166181087,1.179052526746963,-0.9569267538639185,0.44723386
-1.6385233410101172,0.4999015728645699,-0.41986047516984465,0.0,0.0,-1.630011075419178,0.44757902101736496,0.046897285895517775,-1.2222764482977682,-0.9569267538639185,0.0046569947
-1.6315951239233937,1.4055203642860443,-1.3131806351056838,0.0,0.0,1.3946181353446663,0.44757902101736496,0.046897285895517775,1.179052526746963,-0.9569267538639185,0.44723386
-1.6246669068366701,-1.3113360099783788,1.3667798447018338,0.0,0.0,-0.48080135515623,-1.3499270874861087,0.046897285895517775,-1.2222764482977682,-0.9569267538639185,-0.025495002
-1.6177386897499464,-0.40571721855690457,0.47345968476599465,0.0,0.0,0.8586464378692839,-0.4511740332343719,0.046897285895517775,1.179052526746963,-0.9569267538639185,0.44723386
-1.6108104726632229,-1.3113360099783788,0.47345968476599465,0.0,0.0,-0.3416491013858552,-0.4511740332343719,1.2810363884091442,-0.0216119607754026,1.0450120617509737,0.19740959
-1.6038822555764993,-1.3113360099783788,-0.41986047516984465,0.0,0.0,0.3841182547293895,1.346332075269102,-1.1872418166181087,-0.0216119607754026,1.0450120617509737,0.12385841
-1.5969540384897758,-1.3113360099783788,-1.3131806351056838,0.0,0.0,1.4451574427735174,1.346332075269102,-1.1872418166181087,-0.0216119607754026,1.0450120617509737,0.4219584
-1.5900258214030523,-1.3113360099783788,-1.3131806351056838,0.0,0.0,-0.9885105974988975,-0.4511740332343719,-1.1872418166181087,-0.0216119607754026,-0.9569267538639185,0.031325676
-1.5830976043163287,0.4999015728645699,-0.41986047516984465,0.0,0.0,0.4675263290391055,-0.4511740332343719,0.046897285895517775,-1.2222764482977682,-0.9569267538639185,0.1768432
-1.5761693872296052,0.4999015728645699,0.47345968476599465,0.0,0.0,-0.1985931935916247,-0.4511740332343719,0.046897285895517775,1.179052526746963,1.0450120617509737,0.13233629
-1.5692411701428817,-1.3113360099783788,1.3667798447018338,0.0,0.0,0.9037726783850553,-1.3499270874861087,-1.1872418166181087,-1.2222764482977682,-0.9569267538639185,0.53805643
-1.5623129530561581,-0.40571721855690457,-0.41986047516984465,0.0,0.0,1.5353578750847423,-0.4511740332343719,0.046897285895517775,-0.0216119607754026,-0.9569267538639185,0.4219584
-1.5553847359694346,1.4055203642860443,1.3667798447018338,0.0,0.0,1.442008495194274,1.346332075269102,-1.1872418166181087,-1.2222764482977682,1.0450120617509737,0.53805643
-1.548456518882711,-0.40571721855690457,0.47345968476599465,0.0,0.0,-1.0710078192030472,-1.3499270874861087,-1.1872418166181087,1.179052526746963,-0.9569267538639185,0.057909183
-1.5415283017959875,-0.40571721855690457,-1.3131806351056838,0.0,0.0,-0.9818483612981838,-0.4511740332343719,-1.1872418166181087,-1.2222764482977682,1.0450120617509737,0.031325676
-1.534600084709264,-0.40571721855690457,0.47345968476599465,0.0,0.0,-1.0080288676181757,1.346332075269102,-1.1872418166181087,1.179052526746963,-0.9569267538639185,0.05112701
-1.5276718676225405,-1.3113360099783788,-0.41986047516984465,0.0,0.0,0.4050938890175739,-1.3499270874861087,-1.1872418166181087,-1.2222764482977682,1.0450120617509737,0.14216332
-1.520743650535817,0.4999015728645699,-1.3131806351056838,0.0,0.0,1.5277067131979853,-0.4511740332343719,-1.1872418166181087,1.179052526746963,-0.9569267538639185,0.44723386
-1.5138154334490934,-0.40571721855690457,-0.41986047516984465,0.0,0.0,-0.1482620810440457,-0.4511740332343719,-1.1872418166181087,1.179052526746963,-0.9569267538639185,0.09290043
-1.5068872163623699,-1.3113360099783788,-0.41986047516984465,0.0,0.0,1.0128147474514235,-0.4511740332343719,0.046897285895517775,-0.0216119607754026,1.0450120617509737,0.4219584
-1.4999589992756464,-0.40571721855690457,0.47345968476599465,0.0,0.0,-1.0826146838339779,-1.3499270874861087,-1.1872418166181087,1.179052526746963,-0.9569267538639185,0.057909183
-1.4930307821889228,-0.40571721855690457,-0.41986047516984465,0.0,0.0,-1.6028156190529834,1.346332075269102,-1.1872418166181087,-0.0216119607754026,-0.9569267538639185,0.0046569947
-1.4861025651021993,-1.3113360099783788,0.47345968476599465,0.0,0.0,-1.1955343825640428,1.346332075269102,0.046897285895517775,-0.0216119607754026,1.0450120617509737,0.03810785
-1.4791743480154758,0.4999015728645699,-1.3131806351056838,0.0,0.0,-0.6780660051617362,0.44757902101736496,0.046897285895517775,-0.0216119607754026,-0.9569267538639185,-0.003010532
-1.4722461309287522,0.4999015728645699,0.47345968476599465,0.0,0.0,-0.08991546556748306,-0.4511740332343719,0.046897285895517775,-1.2222764482977682,1.0450120617509737,0.061665885
-1.4653179138420287,1.4055203642860443,-1.3131806351056838,0.0,0.0,-0.4306524131297643,0.44757902101736496,-1.1872418166181087,-1.2222764482977682,-0.9569267538639185,-8.284114e-05
-1.4583896967553052,-1.3113360099783788,0.47345968476599465,0.0,0.0,-1.227362175038546,0.44757902101736496,1.2810363884091442,-1.2222764482977682,-0.9569267538639185,0.23498051
-1.4514614796685816,1.4055203642860443,1.3667798447018338,0.0,0.0,-0.39283901781868247,1.346332075269102,1.2810363884091442,-1.2222764482977682,-0.9569267538639185,-0.019124588
-1.444533262581858,1.4055203642860443,1.3667798447018338,0.0,0.0,-0.979974607366733,-1.3499270874861087,0.046897285895517775,1.179052526746963,-0.9569267538639185,0.02967884
-1.4376050454951346,1.4055203642860443,-0.41986047516984465,0.0,0.0,-0.46357322873094703,-1.3499270874861087,1.2810363884091442,1.179052526746963,1.0450120617509737,0.21071394
-1.430676828408411,0.4999015728645699,0.47345968476599465,0.0,0.0,-0.9046601090664779,1.346332075269102,0.046897285895517775,-1.2222764482977682,-0.9569267538639185,0.031325676
-1.4237486113216873,-1.3113360099783788,0.47345968476599465,0.0,0.0,0.04046657882929605,-1.3499270874861087,-1.1872418166181087,1.179052526746963,1.0450120617509737,0.09996251
-1.4168203942349638,1.4055203642860443,-1.3131806351056838,0.0,0.0,-0.5615028960094061,0.44757902101736496,1.2810363884091442,1.179052526746963,-0.9569267538639185,0.21071394
-1.4098921771482402,-1.3113360099783788,-0.41986047516984465,0.0,0.0,0.19676888594447675,-0.4511740332343719,-1.1872418166181087,-0.0216119607754026,-0.9569267538639185,0.13626523
-1.4029639600615167,-1.3113360099783788,0.47345968476599465,0.0,0.0,-0.6333041056881913,1.346332075269102,1.2810363884091442,-0.0216119607754026,-0.9569267538639185,0.17428617
-1.3960357429747932,0.4999015728645699,-0.41986047516984465,0.0,0.0,-0.7350333295498698,-0.4511740332343719,-1.1872418166181087,-0.0216119607754026,-0.9569267538639185,0.016680116
-1.3891075258880696,1.4055203642860443,1.3667798447018338,0.0,0.0,1.5113113662977915,-1.3499270874861087,1.2810363884091442,-0.0216119607754026,1.0450120617509737,0.5371335
-1.382179308801346,1.4055203642860443,0.47345968476599465,0.0,0.0,-0.40270225031895773,-0.4511740332343719,-1.1872418166181087,1.179052526746963,1.0450120617509737,0.014316557
-1.3752510917146226,-1.3113360099783788,0.47345968476599465,0.0,0.0,-0.7594962280993652,-1.3499270874861087,-1.1872418166181087,-1.2222764482977682,1.0450120617509737,0.016680116
-1.368322874627899,-0.40571721855690457,-0.41986047516984465,0.0,0.0,1.20708659603864,-1.3499270874861087,1.2810363884091442,1.179052526746963,1.0450120617509737,0.6943947
-1.3613946575411755,0.4999015728645699,0.47345968476599465,0.0,0.0,0.17113489118782457,0.44757902101736496,-1.1872418166181087,1.179052526746963,-0.9569267538639185,0.14002582
-1.354466440454452,0.4999015728645699,-0.41986047516984465,0.0,0.0,1.149806979328598,-1.3499270874861087,-1.1872418166181087,1.179052526746963,1.0450120617509737,0.44723386
-1.3475382233677284,0.4999015728645699,0.47345968476599465,0.0,0.0,0.7175944058072992,0.44757902101736496,-1.1872418166181087,-0.0216119607754026,1.0450120617509737,0.39572167
-1.340610006281005,0.4999015728645699,-1.3131806351056838,0.0,0.0,0.7443994967711081,0.44757902101736496,1.2810363884091442,-0.0216119607754026,-0.9569267538639185,0.6428825
-1.3336817891942814,1.4055203642860443,-0.41986047516984465,0.0,0.0,-0.4933190723927272,0.44757902101736496,1.2810363884091442,-0.0216119607754026,-0.9569267538639185,0.19091259
-1.3267535721075578,1.4055203642860443,0.47345968476599465,0.0,0.0,-0.8394170381477702,1.346332075269102,-1.1872418166181087,-1.2222764482977682,-0.9569267538639185,0.01186219
-1.3198253550208343,-0.40571721855690457,1.3667798447018338,0.0,0.0,0.17430986312722718,1.346332075269102,-1.1872418166181087,1.179052526746963,-0.9569267538639185,0.14377166
-1.3128971379341108,0.4999015728645699,0.47345968476599465,0.0,0.0,0.18008727108253356,-1.3499270874861087,1.2810363884091442,-1.2222764482977682,1.0450120617509737,0.37936917
-1.3059689208473872,0.4999015728645699,1.3667798447018338,0.0,0.0,-1.1792171087443262,0.44757902101736496,1.2810363884091442,-0.0216119607754026,1.0450120617509737,0.02192745
-1.2990407037606637,-1.3113360099783788,1.3667798447018338,0.0,0.0,-0.15776097250209448,1.346332075269102,-1.1872418166181087,-1.2222764482977682,-0.9569267538639185,0.08317836
-1.2921124866739402,1.4055203642860443,-1.3131806351056838,0.0,0.0,-0.11086507549550846,0.44757902101736496,-1.1872418166181087,1.179052526746963,-0.9569267538639185,0.08239169
-1.2851842695872167,0.4999015728645699,-0.41986047516984465,0.0,0.0,1.4307399472454105,-0.4511740332343719,-1.1872418166181087,1.179052526746963,-0.9569267538639185,0.44723386
-1.2782560525004931,-0.40571721855690457,0.47345968476599465,0.0,0.0,-0.4837941565745194,-0.4511740332343719,0.046897285895517775,-0.0216119607754026,1.0450120617509737,-0.0059601273
-1.2713278354137696,-0.40571721855690457,-1.3131806351056838,0.0,0.0,-1.5972464059789495,-0.4511740332343719,1.2810363884091442,-0.0216119607754026,1.0450120617509737,0.20152967
-1.264399618327046,1.4055203642860443,0.47345968476599465,0.0,0.0,-1.0492774784702505,-1.3499270874861087,0.046897285895517775,-1.2222764482977682,-0.9569267538639185,0.03810785
-1.2574714012403225,-0.40571721855690457,1.3667798447018338,0.0,0.0,1.1611275759977795,0.44757902101736496,1.2810363884091442,-0.0216119607754026,-0.9569267538639185,0.5371335
-1.250543184153599,-0.40571721855690457,-0.41986047516984465,0.0,0.0,-0.591769226874367,-0.4511740332343719,1.2810363884091442,-0.0216119607754026,1.0450120617509737,0.17428617
-1.2436149670668755,1.4055203642860443,0.47345968476599465,0.0,0.0,0.4196675307066351,1.346332075269102,1.2810363884091442,1.179052526746963,-0.9569267538639185,0.39597857
-1.2366867499801517,0.4999015728645699,0.47345968476599465,0.0,0.0,0.5441420453473126,-0.4511740332343719,1.2810363884091442,-0.0216119607754026,-0.9569267538639185,0.4843758
-1.2297585328934282,0.4999015728645699,1.3667798447018338,0.0,0.0,1.1714071982605994,-0.4511740332343719,1.2810363884091442,-0.0216119607754026,1.0450120617509737,0.5371335
-1.2228303158067046,-0.40571721855690457,0.47345968476599465,0.0,0.0,-0.2799713678089357,-0.4511740332343719,1.2810363884091442,1.179052526746963,-0.9569267538639185,0.2897286
-1.2159020987199811,-0.40571721855690457,0.47345968476599465,0.0,0.0,-0.4599558426688408,-1.3499270874861087,1.2810363884091442,1.179052526746963,1.0450120617509737,0.21071394
-1.2089738816332576,0.4999015728645699,1.3667798447018338,0.0,0.0,-0.40121886178989263,1.346332075269102,0.046897285895517775,-1.2222764482977682,-0.9569267538639185,-0.026859937
-1.202045664546534,1.4055203642860443,-1.3131806351056838,0.0,0.0,1.0668413191415858,0.44757902101736496,-1.1872418166181087,-0.0216119607754026,-0.9569267538639185,0.4219584
-1.1951174474598105,-0.40571721855690457,1.3667798447018338,0.0,0.0,0.3465911273800571,1.346332075269102,-1.1872418166181087,1.179052526746963,1.0450120617509737,0.2378447
-1.188189230373087,-1.3113360099783788,-1.3131806351056838,0.0,0.0,-1.1540515524705366,0.44757902101736496,0.046897285895517775,-1.2222764482977682,1.0450120617509737,0.03810785
-1.1812610132863635,1.4055203642860443,-0.41986047516984465,0.0,0.0,0.7976453376564994,-1.3499270874861087,0.046897285895517775,-1.2222764482977682,-0.9569267538639185,0.4219584
-1.17433279619964,-0.40571721855690457,-1.3131806351056838,0.0,0.0,-0.4393445494228829,-1.3499270874861087,0.046897285895517775,-0.0216119607754026,1.0450120617509737,-8.284114e-05
-1.1674045791129164,-0.40571721855690457,-1.3131806351056838,0.0,0.0,0.21220133151878615,-1.3499270874861087,0.046897285895517775,-0.0216119607754026,-0.9569267538639185,0.14250405
-1.1604763620261929,-1.3113360099783788,-0.41986047516984465,0.0,0.0,0.36855568735428496,-1.3499270874861087,1.2810363884091442,-1.2222764482977682,-0.9569267538639185,0.36750782
-1.1535481449394693,-1.3113360099783788,-1.3131806351056838,0.0,0.0,1.5451950832248587,0.44757902101736496,-1.1872418166181087,1.179052526746963,1.0450120617509737,0.44723386
-1.1466199278527458,0.4999015728645699,1.3667798447018338,0.0,0.0,0.021703015154629832,-0.4511740332343719,1.2810363884091442,-1.2222764482977682,-0.9569267538639185,0.064870104
-1.1396917107660223,1.4055203642860443,-1.3131806351056838,0.0,0.0,-0.054704506272305,0.44757902101736496,-1.1872418166181087,-0.0216119607754026,-0.9569267538639185,0.07852823
-1.1327634936792987,1.4055203642860443,-0.41986047516984465,0.0,0.0,-1.5267203899479571,1.346332075269102,-1.1872418166181087,1.179052526746963,1.0450120617509737,0.024458334
-1.1258352765925752,0.4999015728645699,1.3667798447018338,0.0,0.0,-1.112282454415281,-1.3499270874861087,0.046897285895517775,1.179052526746963,1.0450120617509737,0.039064236
-1.1189070595058517,1.4055203642860443,-0.41986047516984465,0.0,0.0,-0.12947249300922045,-1.3499270874861087,1.2810363884091442,-1.2222764482977682,-0.9569267538639185,0.25946307
-1.1119788424191281,1.4055203642860443,-0.41986047516984465,0.0,0.0,-0.4345040184333019,1.346332075269102,0.046897285895517775,-0.0216119607754026,1.0450120617509737,-8.284114e-05
-1.1050506253324046,1.4055203642860443,0.47345968476599465,0.0,0.0,0.10105128927953592,0.44757902101736496,1.2810363884091442,-1.2222764482977682,1.0450120617509737,0.32534575
-1.098122408245681,1.4055203642860443,0.47345968476599465,0.0,0.0,-0.2624049247015853,-0.4511740332343719,-1.1872418166181087,-1.2222764482977682,1.0450120617509737,0.088107884
-1.0911941911589575,1.4055203642860443,-0.41986047516984465,0.0,0.0,0.9536093280896125,-0.4511740332343719,0.046897285895517775,-1.2222764482977682,1.0450120617509737,0.4219584
-1.084265974072234,-1.3113360099783788,-0.41986047516984465,0.0,0.0,-0.4673207365938485,1.346332075269102,0.046897285895517775,1.179052526746963,-0.9569267538639185,0.01384121
-1.0773377569855105,1.4055203642860443,-0.41986047516984465,0.0,0.0,-1.7128726381655541,-0.4511740332343719,-1.1872418166181087,1.179052526746963,-0.9569267538639185,0.024458334
-1.070409539898787,-1.3113360099783788,0.47345968476599465,0.0,0.0,0.4224521372436521,0.44757902101736496,-1.1872418166181087,-0.0216119607754026,-0.9569267538639185,0.14501749
-1.0634813228120634,1.4055203642860443,0.47345968476599465,0.0,0.0,0.9753396688224091,0.44757902101736496,-1.1872418166181087,-0.0216119607754026,1.0450120617509737,0.4219584
-1.05655310572534,0.4999015728645699,-1.3131806351056838,0.0,0.0,1.3035328747880341,1.346332075269102,0.046897285895517775,-1.2222764482977682,1.0450120617509737,0.4219584
-1.0496248886386164,-0.40571721855690457,-1.3131806351056838,0.0,0.0,1.4939791424318722,0.44757902101736496,1.2810363884091442,-1.2222764482977682,1.0450120617509737,0.66911924
-1.0426966715518926,-1.3113360099783788,-0.41986047516984465,0.0,0.0,-1.0859458019343349,-1.3499270874861087,0.046897285895517775,-1.2222764482977682,1.0450120617509737,0.03810785
-1.035768454465169,1.4055203642860443,1.3667798447018338,0.0,0.0,-0.8958378509725641,1.346332075269102,1.2810363884091442,-0.0216119607754026,1.0450120617509737,-0.0032819067
-1.0288402373784455,0.4999015728645699,1.3667798447018338,0.0,0.0,-0.07448301999317368,0.44757902101736496,0.046897285895517775,1.179052526746963,1.0450120617509737,0.052367456
-1.021912020291722,-0.40571721855690457,0.47345968476599465,0.0,0.0,0.6007450286932198,1.346332075269102,0.046897285895517775,1.179052526746963,1.0450120617509737,0.30336118
-1.0149838032049985,-1.3113360099783788,0.47345968476599465,0.0,0.0,1.3618014171841195,-0.4511740332343719,-1.1872418166181087,-1.2222764482977682,-0.9569267538639185,0.4219584
-1.008055586118275,-0.40571721855690457,0.47345968476599465,0.0,0.0,0.8971104421843415,0.44757902101736496,1.2810363884091442,-1.2222764482977682,-0.9569267538639185,0.66911924
-1.0011273690315514,0.4999015728645699,-0.41986047516984465,0.0,0.0,-1.0788151272507585,-1.3499270874861087,0.046897285895517775,-1.2222764482977682,1.0450120617509737,0.03810785
-0.9941991519448279,-1.3113360099783788,1.3667798447018338,0.0,0.0,1.5905034942617433,0.44757902101736496,0.046897285895517775,-1.2222764482977682,1.0450120617509737,0.53805643
-0.9872709348581044,-0.40571721855690457,-1.3131806351056838,0.0,0.0,-1.674772974892723,1.346332075269102,-1.1872418166181087,-0.0216119607754026,1.0450120617509737,0.0046569947
-0.9803427177713808,1.4055203642860443,-0.41986047516984465,0.0,0.0,-1.0945858895071354,1.346332075269102,-1.1872418166181087,1.179052526746963,-0.9569267538639185,0.057909183
-0.9734145006846573,-1.3113360099783788,-1.3131806351056838,0.0,0.0,-1.4082835268641762,0.44757902101736496,1.2810363884091442,-1.2222764482977682,-0.9569267538639185,0.22030504
-0.9664862835979338,-0.40571721855690457,-1.3131806351056838,0.0,0.0,-0.1611701636829284,-1.3499270874861087,0.046897285895517775,-0.0216119607754026,1.0450120617509737,0.112534955
-0.9595580665112102,0.4999015728645699,-0.41986047516984465,0.0,0.0,-1.1168887661634306,-1.3499270874861087,1.2810363884091442,-1.2222764482977682,1.0450120617509737,0.23498051
-0.9526298494244867,0.4999015728645699,-1.3131806351056838,0.0,0.0,0.8585683647888067,-1.3499270874861087,0.046897285895517775,-1.2222764482977682,-0.9569267538639185,0.4219584
-0.9457016323377632,-1.3113360099783788,1.3667798447018338,0.0,0.0,-1.0699408204365266,1.346332075269102,1.2810363884091442,1.179052526746963,-0.9569267538639185,0.038141333
-0.9387734152510396,-0.40571721855690457,-1.3131806351056838,0.0,0.0,0.8072483265551843,0.44757902101736496,-1.1872418166181087,-1.2222764482977682,-0.9569267538639185,0.4219584
-0.9318451981643161,-1.3113360099783788,1.3667798447018338,0.0,0.0,-0.5616069934500423,-0.4511740332343719,0.046897285895517775,1.179052526746963,-0.9569267538639185,-0.009281117
-0.9249169810775926,-1.3113360099783788,1.3667798447018338,0.0,0.0,0.8007162121552658,1.346332075269102,1.2810363884091442,1.179052526746963,1.0450120617509737,0.5446903
-0.917988763990869,-0.40571721855690457,1.3667798447018338,0.0,0.0,-0.03404116430602902,-1.3499270874861087,-1.1872418166181087,1.179052526746963,-0.9569267538639185,0.06302239
-0.9110605469041455,-0.40571721855690457,0.47345968476599465,0.0,0.0,-1.4597076625384349,0.44757902101736496,-1.1872418166181087,-0.0216119607754026,-0.9569267538639185,0.023432346
-0.9041323298174219,1.4055203642860443,-1.3131806351056838,0.0,0.0,-1.0353023970648474,-1.3499270874861087,1.2810363884091442,-0.0216119607754026,1.0450120617509737,0.22819833
-0.8972041127306983,-0.40571721855690457,-0.41986047516984465,0.0,0.0,0.3694925643200103,-0.4511740332343719,0.046897285895517775,1.179052526746963,-0.9569267538639185,0.117565565
-0.8902758956439748,0.4999015728645699,-0.41986047516984465,0.0,0.0,0.1663984576388797,-1.3499270874861087,0.046897285895517775,-1.2222764482977682,-0.9569267538639185,0.13220838
-0.8833476785572513,-1.3113360099783788,-1.3131806351056838,0.0,0.0,-0.8869375197981731,-1.3499270874861087,-1.1872418166181087,1.179052526746963,-0.9569267538639185,0.03166353
-0.8764194614705277,-1.3113360099783788,0.47345968476599465,0.0,0.0,0.8087056907240904,-0.4511740332343719,0.046897285895517775,-1.2222764482977682,1.0450120617509737,0.4219584
-0.8694912443838042,0.4999015728645699,0.47345968476599465,0.0,0.0,-0.2939984979346571,0.44757902101736496,0.046897285895517775,1.179052526746963,-0.9569267538639185,0.020338207
-0.8625630272970807,-0.40571721855690457,1.3667798447018338,0.0,0.0,-1.2089629524061063,1.346332075269102,0.046897285895517775,-1.2222764482977682,1.0450120617509737,0.022850353
-0.8556348102103571,0.4999015728645699,-1.3131806351056838,0.0,0.0,1.4264459278191695,0.44757902101736496,-1.1872418166181087,-0.0216119607754026,1.0450120617509737,0.4219584
-0.8487065931236336,0.4999015728645699,-1.3131806351056838,0.0,0.0,0.7114526568097663,-0.4511740332343719,1.2810363884091442,-1.2222764482977682,-0.9569267538639185,0.6428825
-0.8417783760369101,1.4055203642860443,-0.41986047516984465,0.0,0.0,-0.8032692018868668,-1.3499270874861087,0.046897285895517775,1.179052526746963,-0.9569267538639185,0.036481455
-0.8348501589501865,0.4999015728645699,-1.3131806351056838,0.0,0.0,1.1403601365908673,0.44757902101736496,-1.1872418166181087,-0.0216119607754026,-0.9569267538639185,0.4219584
-0.827921941863463,-1.3113360099783788,0.47345968476599465,0.0,0.0,-1.3644585043563568,1.346332075269102,-1.1872418166181087,-1.2222764482977682,-0.9569267538639185,0.023432346
-0.8209937247767395,0.4999015728645699,-1.3131806351056838,0.0,0.0,0.34201083999206644,-0.4511740332343719,1.2810363884091442,-1.2222764482977682,1.0450120617509737,0.34135425
-0.814065507690016,-1.3113360099783788,-0.41986047516984465,0.0,0.0,0.12939181749272805,0.44757902101736496,0.046897285895517775,-1.2222764482977682,-0.9569267538639185,0.1337233
-0.8071372906032923,-1.3113360099783788,1.3667798447018338,0.0,0.0,-1.494241988469478,1.346332075269102,0.046897285895517775,-1.2222764482977682,-0.9569267538639185,-0.002667897
-0.8002090735165688,-1.3113360099783788,-0.41986047516984465,0.0,0.0,1.102078302796923,-0.4511740332343719,1.2810363884091442,-1.2222764482977682,-0.9569267538639185,0.66911924
-0.7932808564298452,-0.40571721855690457,-0.41986047516984465,0.0,0.0,1.5118318535009723,1.346332075269102,1.2810363884091442,-0.0216119607754026,1.0450120617509737,0.66911924
-0.7863526393431217,1.4055203642860443,1.3667798447018338,0.0,0.0,-1.7223715296236028,-0.4511740332343719,-1.1872418166181087,-0.0216119607754026,-0.9569267538639185,-0.002667897
-0.7794244222563982,-1.3113360099783788,-0.41986047516984465,0.0,0.0,0.29680652639581784,-1.3499270874861087,-1.1872418166181087,-0.0216119607754026,-0.9569267538639185,0.04511383
-0.7724962051696747,-1.3113360099783788,-0.41986047516984465,0.0,0.0,0.40189289271801226,0.44757902101736496,1.2810363884091442,-0.0216119607754026,1.0450120617509737,0.3893241
-0.7655679880829511,-0.40571721855690457,-1.3131806351056838,0.0,0.0,-1.0669480190182372,1.346332075269102,0.046897285895517775,1.179052526746963,1.0450120617509737,0.057909183
-0.7586397709962276,-1.3113360099783788,-1.3131806351056838,0.0,0.0,-0.933052685999988,-0.4511740332343719,-1.1872418166181087,-0.0216119607754026,-0.9569267538639185,0.031325676
-0.7517115539095041,0.4999015728645699,1.3667798447018338,0.0,0.0,-1.241909792367448,1.346332075269102,-1.1872418166181087,-1.2222764482977682,-0.9569267538639185,0.022850353
-0.7447833368227805,0.4999015728645699,-1.3131806351056838,0.0,0.0,1.454396090629976,1.346332075269102,0.046897285895517775,-1.2222764482977682,-0.9569267538639185,0.4219584
-0.737855119736057,1.4055203642860443,-1.3131806351056838,0.0,0.0,-0.39463469866965606,0.44757902101736496,-1.1872418166181087,-0.0216119607754026,-0.9569267538639185,0.00053686835
-0.7309269026493335,-1.3113360099783788,-0.41986047516984465,0.0,0.0,0.06695937747119647,-1.3499270874861087,0.046897285895517775,-1.2222764482977682,-0.9569267538639185,0.10832244
-0.7239986855626099,-0.40571721855690457,0.47345968476599465,0.0,0.0,0.4190949947831362,1.346332075269102,0.046897285895517775,-0.0216119607754026,1.0450120617509737,0.14501749
-0.7170704684758864,0.4999015728645699,-1.3131806351056838,0.0,0.0,-1.0243981901582104,-0.4511740332343719,0.046897285895517775,-1.2222764482977682,1.0450120617509737,0.031325676
-0.7101422513891628,-0.40571721855690457,0.47345968476599465,0.0,0.0,1.10486290933394,-0.4511740332343719,1.2810363884091442,1.179052526746963,-0.9569267538639185,0.6943947
-0.7032140343024392,-0.40571721855690457,-1.3131806351056838,0.0,0.0,-1.7016561389370088,-1.3499270874861087,1.2810363884091442,1.179052526746963,-0.9569267538639185,0.22133102
-0.6962858172157157,0.4999015728645699,-1.3131806351056838,0.0,0.0,0.06721962107278685,-0.4511740332343719,1.2810363884091442,-0.0216119607754026,1.0450120617509737,0.30519518
-0.6893576001289922,-0.40571721855690457,1.3667798447018338,0.0,0.0,0.6429044921508609,-1.3499270874861087,0.046897285895517775,-0.0216119607754026,-0.9569267538639185,0.5118198
-0.6824293830422686,0.4999015728645699,1.3667798447018338,0.0,0.0,1.229675740656685,-0.4511740332343719,0.046897285895517775,-0.0216119607754026,-0.9569267538639185,0.53805643
-0.6755011659555451,-0.40571721855690457,1.3667798447018338,0.0,0.0,0.5765944224656326,0.44757902101736496,1.2810363884091442,-1.2222764482977682,-0.9569267538639185,0.45236966
-0.6685729488688216,0.4999015728645699,0.47345968476599465,0.0,0.0,-1.241207134643154,1.346332075269102,-1.1872418166181087,-0.0216119607754026,-0.9569267538639185,0.03810785
-0.661644731782098,-1.3113360099783788,-0.41986047516984465,0.0,0.0,0.20751694669015935,0.44757902101736496,0.046897285895517775,1.179052526746963,-0.9569267538639185,0.1484133
-0.6547165146953745,1.4055203642860443,-1.3131806351056838,0.0,0.0,0.9789830792446743,1.346332075269102,-1.1872418166181087,-1.2222764482977682,1.0450120617509737,0.4219584
-0.647788297608651,0.4999015728645699,-1.3131806351056838,0.0,0.0,-1.3444457713940567,1.346332075269102,-1.1872418166181087,-0.0216119607754026,-0.9569267538639185,0.023432346
-0.6408600805219274,0.4999015728645699,-1.3131806351056838,0.0,0.0,-1.745767429406578,1.346332075269102,0.046897285895517775,-1.2222764482977682,-0.9569267538639185,0.0046569947
-0.6339318634352039,1.4055203642860443,0.47345968476599465,0.0,0.0,-0.7893461692017816,0.44757902101736496,0.046897285895517775,-1.2222764482977682,-0.9569267538639185,0.016680116
-0.6270036463484804,0.4999015728645699,1.3667798447018338,0.0,0.0,1.204197892060987,1.346332075269102,-1.1872418166181087,-0.0216119607754026,1.0450120617509737,0.53805643
-0.6200754292617568,0.4999015728645699,-0.41986047516984465,0.0,0.0,1.4429974208803173,0.44757902101736496,-1.1872418166181087,-1.2222764482977682,1.0450120617509737,0.4219584
-0.6131472121750332,-0.40571721855690457,0.47345968476599465,0.0,0.0,-1.6869783998073116,-1.3499270874861087,1.2810363884091442,1.179052526746963,1.0450120617509737,0.22133102
-0.6062189950883097,1.4055203642860443,1.3667798447018338,0.0,0.0,0.6102959688715865,-0.4511740332343719,1.2810363884091442,1.179052526746963,1.0450120617509737,0.47773805
-0.5992907780015861,-1.3113360099783788,0.47345968476599465,0.0,0.0,1.211770980867267,-0.4511740332343719,0.046897285895517775,-1.2222764482977682,-0.9569267538639185,0.4219584
-0.5923625609148626,0.4999015728645699,-0.41986047516984465,0.0,0.0,-0.19331024847934003,1.346332075269102,1.2810363884091442,-0.0216119607754026,1.0450120617509737,0.30940762
-0.5854343438281391,1.4055203642860443,1.3667798447018338,0.0,0.0,0.30755458714150047,0.44757902101736496,1.2810363884091442,-1.2222764482977682,-0.9569267538639185,0.34945315
-0.5785061267414155,-0.40571721855690457,0.47345968476599465,0.0,0.0,-1.53015560548895,-0.4511740332343719,1.2810363884091442,1.179052526746963,-0.9569267538639185,0.22133102
-0.571577909654692,-1.3113360099783788,-0.41986047516984465,0.0,0.0,0.6896182186363337,0.44757902101736496,1.2810363884091442,-1.2222764482977682,1.0450120617509737,0.6428825
-0.5646496925679685,1.4055203642860443,-1.3131806351056838,0.0,0.0,-0.5788611442354843,0.44757902101736496,-1.1872418166181087,-1.2222764482977682,1.0450120617509737,-0.0059601273
-0.557721475481245,-1.3113360099783788,-0.41986047516984465,0.0,0.0,0.9576170795541044,1.346332075269102,0.046897285895517775,1.179052526746963,1.0450120617509737,0.44723386
-0.5507932583945214,-1.3113360099783788,-1.3131806351056838,0.0,0.0,-1.3385382416379552,-0.4511740332343719,1.2810363884091442,-1.2222764482977682,1.0450120617509737,0.22030504
-0.5438650413077979,-1.3113360099783788,0.47345968476599465,0.0,0.0,-0.325644119888047,1.346332075269102,-1.1872418166181087,-1.2222764482977682,1.0450120617509737,0.00053686835
-0.5369368242210744,0.4999015728645699,1.3667798447018338,0.0,0.0,1.1471264702322173,1.346332075269102,-1.1872418166181087,-0.0216119607754026,-0.9569267538639185,0.53805643
-0.5300086071343508,0.4999015728645699,1.3667798447018338,0.0,0.0,0.8044897443783262,-0.4511740332343719,-1.1872418166181087,-0.0216119607754026,1.0450120617509737,0.53805643
-0.5230803900476272,-0.40571721855690457,0.47345968476599465,0.0,0.0,1.4583778177343087,-0.4511740332343719,1.2810363884091442,1.179052526746963,1.0450120617509737,0.6943947
-0.5161521729609037,-0.40571721855690457,1.3667798447018338,0.0,0.0,-0.9815360689762753,-1.3499270874861087,1.2810363884091442,1.179052526746963,1.0450120617509737,0.028755937
-0.5092239558741801,1.4055203642860443,1.3667798447018338,0.0,0.0,1.5360865571691955,-1.3499270874861087,0.046897285895517775,1.179052526746963,-0.9569267538639185,0.5456132
-0.5022957387874566,-0.40571721855690457,-1.3131806351056838,0.0,0.0,0.12486357882505547,0.44757902101736496,1.2810363884091442,-0.0216119607754026,1.0450120617509737,0.330596
-0.49536752170073306,-1.3113360099783788,0.47345968476599465,0.0,0.0,1.1606070887945987,-0.4511740332343719,1.2810363884091442,1.179052526746963,-0.9569267538639185,0.6943947
-0.48843930461400953,-1.3113360099783788,-0.41986047516984465,0.0,0.0,1.2258241353531474,-1.3499270874861087,-1.1872418166181087,1.179052526746963,1.0450120617509737,0.44723386
-0.481511087527286,0.4999015728645699,-1.3131806351056838,0.0,0.0,-0.21917846247742356,0.44757902101736496,0.046897285895517775,1.179052526746963,1.0450120617509737,0.13233629
-0.47458287044056247,-1.3113360099783788,0.47345968476599465,0.0,0.0,-1.7380902431596617,0.44757902101736496,1.2810363884091442,-0.0216119607754026,-0.9569267538639185,0.20152967
-0.46765465335383893,1.4055203642860443,-1.3131806351056838,0.0,0.0,0.8492256194917122,0.44757902101736496,1.2810363884091442,-1.2222764482977682,1.0450120617509737,0.66911924
-0.4607264362671154,-1.3113360099783788,-0.41986047516984465,0.0,0.0,0.16624231147792548,-1.3499270874861087,-1.1872418166181087,1.179052526746963,-0.9569267538639185,0.14002582
-0.45379821918039187,-1.3113360099783788,-0.41986047516984465,0.0,0.0,-0.5161944849725214,-0.4511740332343719,-1.1872418166181087,-1.2222764482977682,-0.9569267538639185,-0.0059601273
-0.4468700020936683,1.4055203642860443,0.47345968476599465,0.0,0.0,0.2757528190271563,1.346332075269102,1.2810363884091442,1.179052526746963,-0.9569267538639185,0.30356902
-0.43994178500694475,-0.40571721855690457,-0.41986047516984465,0.0,0.0,1.5072255417528226,0.44757902101736496,0.046897285895517775,-1.2222764482977682,1.0450120617509737,0.4219584
-0.4330135679202212,-0.40571721855690457,-1.3131806351056838,0.0,0.0,-1.0872990686626047,-1.3499270874861087,0.046897285895517775,-0.0216119607754026,1.0450120617509737,0.03810785
-0.4260853508334977,1.4055203642860443,-0.41986047516984465,0.0,0.0,0.8851912852315023,-1.3499270874861087,-1.1872418166181087,-0.0216119607754026,1.0450120617509737,0.4219584
-0.41915713374677416,0.4999015728645699,-1.3131806351056838,0.0,0.0,-0.736490693718776,1.346332075269102,-1.1872418166181087,1.179052526746963,-0.9569267538639185,0.036481455
-0.4122289166600506,-1.3113360099783788,-1.3131806351056838,0.0,0.0,0.820182433554226,1.346332075269102,1.2810363884091442,-1.2222764482977682,1.0450120617509737,0.66911924
-0.4053006995733271,1.4055203642860443,-0.41986047516984465,0.0,0.0,-0.7463799505792102,-1.3499270874861087,-1.1872418166181087,-0.0216119607754026,-0.9569267538639185,0.016680116
-0.3983724824866035,-1.3113360099783788,0.47345968476599465,0.0,0.0,1.2096630076943848,-0.4511740332343719,1.2810363884091442,1.179052526746963,1.0450120617509737,0.6943947
-0.39144426539988,0.4999015728645699,1.3667798447018338,0.0,0.0,1.266265991040292,1.346332075269102,0.046897285895517775,1.179052526746963,-0.9569267538639185,0.5456132
-0.38451604831315644,-1.3113360099783788,-0.41986047516984465,0.0,0.0,0.3402672078614109,-1.3499270874861087,0.046897285895517775,-0.0216119607754026,-0.9569267538639185,0.09419341
-0.3775878312264329,1.4055203642860443,-1.3131806351056838,0.0,0.0,-1.6405769656437472,1.346332075269102,1.2810363884091442,-0.0216119607754026,-0.9569267538639185,0.20152967
-0.3706596141397094,-1.3113360099783788,-1.3131806351056838,0.0,0.0,-0.06805500303389136,-0.4511740332343719,-1.1872418166181087,1.179052526746963,1.0450120617509737,0.081467226
-0.36373139705298585,-0.40571721855690457,-0.41986047516984465,0.0,0.0,0.11336081163476078,0.44757902101736496,0.046897285895517775,-1.2222764482977682,-0.9569267538639185,0.12847306
-0.35680317996626226,0.4999015728645699,0.47345968476599465,0.0,0.0,-1.090265845720735,1.346332075269102,-1.1872418166181087,-1.2222764482977682,-0.9569267538639185,0.03810785
-0.34987496287953873,0.4999015728645699,0.47345968476599465,0.0,0.0,-0.9338334168047592,-0.4511740332343719,0.046897285895517775,-1.2222764482977682,-0.9569267538639185,0.031325676
-0.3429467457928152,0.4999015728645699,-1.3131806351056838,0.0,0.0,-0.9409901158484946,-1.3499270874861087,1.2810363884091442,1.179052526746963,-0.9569267538639185,0.24799968
-0.33601852870609167,1.4055203642860443,-1.3131806351056838,0.0,0.0,-1.1900432425704859,1.346332075269102,1.2810363884091442,-0.0216119607754026,-0.9569267538639185,0.23498051
-0.32909031161936814,0.4999015728645699,0.47345968476599465,0.0,0.0,0.25493333089992615,1.346332075269102,1.2810363884091442,1.179052526746963,-0.9569267538639185,0.2861743
-0.3221620945326446,-0.40571721855690457,1.3667798447018338,0.0,0.0,-0.6286977939400415,-1.3499270874861087,0.046897285895517775,-0.0216119607754026,1.0450120617509737,-0.042121436
-0.3152338774459211,1.4055203642860443,-0.41986047516984465,0.0,0.0,-1.0614048303043622,0.44757902101736496,-1.1872418166181087,-1.2222764482977682,1.0450120617509737,0.03810785
-0.3083056603591975,-0.40571721855690457,-1.3131806351056838,0.0,0.0,-1.0858937532140167,-1.3499270874861087,-1.1872418166181087,-1.2222764482977682,-0.9569267538639185,0.03810785
-0.30137744327247395,-1.3113360099783788,-1.3131806351056838,0.0,0.0,0.23328106324760672,1.346332075269102,-1.1872418166181087,-0.0216119607754026,1.0450120617509737,0.03294251
-0.2944492261857504,-1.3113360099783788,0.47345968476599465,0.0,0.0,1.4816696200766475,-1.3499270874861087,0.046897285895517775,-0.0216119607754026,1.0450120617509737,0.4219584
-0.2875210090990269,-1.3113360099783788,-0.41986047516984465,0.0,0.0,-0.5827647982593399,-0.4511740332343719,0.046897285895517775,1.179052526746963,-0.9569267538639185,0.01384121
-0.28059279201230336,-1.3113360099783788,0.47345968476599465,0.0,0.0,-1.4454463131712822,-1.3499270874861087,0.046897285895517775,-1.2222764482977682,-0.9569267538639185,0.023432346
-0.27366457492557983,-0.40571721855690457,-0.41986047516984465,0.0,0.0,-0.997176709431857,1.346332075269102,0.046897285895517775,1.179052526746963,-0.9569267538639185,0.05112701
-0.2667363578388563,1.4055203642860443,-0.41986047516984465,0.0,0.0,-1.3003084565643288,-1.3499270874861087,0.046897285895517775,1.179052526746963,1.0450120617509737,0.043233685
-0.2598081407521327,1.4055203642860443,-0.41986047516984465,0.0,0.0,-0.585601453516675,0.44757902101736496,-1.1872418166181087,1.179052526746963,-0.9569267538639185,-0.0027852375
-0.2528799236654092,0.4999015728645699,-1.3131806351056838,0.0,0.0,-0.6639868263156967,-1.3499270874861087,0.046897285895517775,-1.2222764482977682,1.0450120617509737,-0.003010532
-0.24595170657868565,-0.40571721855690457,1.3667798447018338,0.0,0.0,0.49209332502923714,0.44757902101736496,0.046897285895517775,1.179052526746963,-0.9569267538639185,0.3586035
-0.23902348949196212,-1.3113360099783788,0.47345968476599465,0.0,0.0,1.575097073047593,-0.4511740332343719,-1.1872418166181087,1.179052526746963,1.0450120617509737,0.44723386
-0.23209527240523858,-0.40571721855690457,1.3667798447018338,0.0,0.0,1.3183667600786857,0.44757902101736496,0.046897285895517775,1.179052526746963,-0.9569267538639185,0.5456132
-0.22516705531851502,0.4999015728645699,0.47345968476599465,0.0,0.0,-0.5043273767400002,-1.3499270874861087,-1.1872418166181087,1.179052526746963,-0.9569267538639185,0.01384121
-0.2182388382317915,0.4999015728645699,-0.41986047516984465,0.0,0.0,0.809096056126476,1.346332075269102,-1.1872418166181087,1.179052526746963,1.0450120617509737,0.44723386
-0.21131062114506796,-0.40571721855690457,-1.3131806351056838,0.0,0.0,1.5291901017270504,0.44757902101736496,1.2810363884091442,1.179052526746963,1.0450120617509737,0.6943947
-0.20438240405834443,-0.40571721855690457,1.3667798447018338,0.0,0.0,1.5953180008911654,-0.4511740332343719,1.2810363884091442,-1.2222764482977682,1.0450120617509737,0.5371335
-0.19745418697162087,-0.40571721855690457,-1.3131806351056838,0.0,0.0,0.44592611010710415,0.44757902101736496,1.2810363884091442,1.179052526746963,1.0450120617509737,0.41733342
-0.19052596988489734,1.4055203642860443,0.47345968476599465,0.0,0.0,-0.2781236382376441,0.44757902101736496,1.2810363884091442,-0.0216119607754026,1.0450120617509737,0.26992726
-0.1835977527981738,-1.3113360099783788,-1.3131806351056838,0.0,0.0,-1.0475598706997542,0.44757902101736496,0.046897285895517775,1.179052526746963,1.0450120617509737,0.057909183
-0.17666953571145025,-0.40571721855690457,-1.3131806351056838,0.0,0.0,1.5621369416883921,-0.4511740332343719,1.2810363884091442,1.179052526746963,-0.9569267538639185,0.6943947
-0.16974131862472672,-0.40571721855690457,1.3667798447018338,0.0,0.0,-1.2431329372949227,-1.3499270874861087,-1.1872418166181087,-1.2222764482977682,1.0450120617509737,0.022850353
-0.16281310153800319,-0.40571721855690457,-0.41986047516984465,0.0,0.0,-1.0675205549417361,0.44757902101736496,0.046897285895517775,-1.2222764482977682,-0.9569267538639185,0.03810785
-0.15588488445127965,0.4999015728645699,-1.3131806351056838,0.0,0.0,-1.157148451329462,0.44757902101736496,1.2810363884091442,-0.0216119607754026,-0.9569267538639185,0.23498051
-0.1489566673645561,0.4999015728645699,-0.41986047516984465,0.0,0.0,0.2747638933411129,1.346332075269102,-1.1872418166181087,-0.0216119607754026,1.0450120617509737,0.040304594
-0.14202845027783256,1.4055203642860443,0.47345968476599465,0.0,0.0,1.15732801941456,-0.4511740332343719,0.046897285895517775,-1.2222764482977682,-0.9569267538639185,0.4219584
-0.13510023319110903,-1.3113360099783788,-1.3131806351056838,0.0,0.0,-1.4621019036730665,0.44757902101736496,0.046897285895517775,-1.2222764482977682,1.0450120617509737,0.023432346
-0.12817201610438547,1.4055203642860443,1.3667798447018338,0.0,0.0,1.0329576022145186,-0.4511740332343719,1.2810363884091442,1.179052526746963,1.0450120617509737,0.5446903
-0.12124379901766194,-1.3113360099783788,0.47345968476599465,0.0,0.0,-0.04377427500550914,0.44757902101736496,0.046897285895517775,-1.2222764482977682,-0.9569267538639185,0.078937344
-0.11431558193093841,0.4999015728645699,0.47345968476599465,0.0,0.0,0.537505833506758,-1.3499270874861087,-1.1872418166181087,-0.0216119607754026,-0.9569267538639185,0.236435
-0.10738736484421486,0.4999015728645699,1.3667798447018338,0.0,0.0,-0.4837941565745194,-1.3499270874861087,0.046897285895517775,1.179052526746963,1.0450120617509737,-0.009281117
-0.10045914775749132,0.4999015728645699,-1.3131806351056838,0.0,0.0,-0.9004701870808728,0.44757902101736496,-1.1872418166181087,-0.0216119607754026,1.0450120617509737,0.031325676
-0.09353093067076779,1.4055203642860443,-1.3131806351056838,0.0,0.0,-1.0624978534310419,-1.3499270874861087,0.046897285895517775,1.179052526746963,-0.9569267538639185,0.057909183
-0.08660271358404424,-0.40571721855690457,0.47345968476599465,0.0,0.0,-0.08897858860175771,0.44757902101736496,1.2810363884091442,-1.2222764482977682,-0.9569267538639185,0.2585386
-0.07967449649732071,-0.40571721855690457,-1.3131806351056838,0.0,0.0,-0.5927841769205695,-1.3499270874861087,-1.1872418166181087,-0.0216119607754026,-0.9569267538639185,-0.022586579
-0.07274627941059716,0.4999015728645699,-0.41986047516984465,0.0,0.0,1.5143301920762398,1.346332075269102,0.046897285895517775,1.179052526746963,-0.9569267538639185,0.44723386
-0.06581806232387363,-0.40571721855690457,1.3667798447018338,0.0,0.0,-1.6420083054524943,1.346332075269102,0.046897285895517775,1.179052526746963,1.0450120617509737,0.013545989
-0.05888984523715009,-0.40571721855690457,-0.41986047516984465,0.0,0.0,-0.8486556860042286,1.346332075269102,0.046897285895517775,-1.2222764482977682,1.0450120617509737,0.01186219
-0.05196162815042655,1.4055203642860443,-1.3131806351056838,0.0,0.0,-0.44413303169214585,-0.4511740332343719,-1.1872418166181087,-1.2222764482977682,1.0450120617509737,-8.284114e-05
-0.04503341106370301,-1.3113360099783788,0.47345968476599465,0.0,0.0,0.7369044810453053,-0.4511740332343719,-1.1872418166181087,-1.2222764482977682,1.0450120617509737,0.39572167
-0.038105193976979465,0.4999015728645699,1.3667798447018338,0.0,0.0,0.6986226472513607,1.346332075269102,-1.1872418166181087,-0.0216119607754026,-0.9569267538639185,0.5118198
-0.031176976890255927,0.4999015728645699,-1.3131806351056838,0.0,0.0,0.8381652664241211,-0.4511740332343719,1.2810363884091442,1.179052526746963,-0.9569267538639185,0.6943947
-0.024248759803532388,1.4055203642860443,-1.3131806351056838,0.0,0.0,0.7956674862844124,-1.3499270874861087,1.2810363884091442,-1.2222764482977682,1.0450120617509737,0.66911924
-0.01732054271680885,1.4055203642860443,0.47345968476599465,0.0,0.0,0.062248968282410645,0.44757902101736496,-1.1872418166181087,-0.0216119607754026,1.0450120617509737,0.0920931
-0.01039232563008531,-0.40571721855690457,0.47345968476599465,0.0,0.0,-0.8509198053380649,0.44757902101736496,0.046897285895517775,-0.0216119607754026,1.0450120617509737,0.01186219
-0.0034641085433617697,0.4999015728645699,-0.41986047516984465,0.0,0.0,-0.5381590449467493,0.44757902101736496,1.2810363884091442,-0.0216119607754026,1.0450120617509737,0.19091259
0.0034641085433617697,-1.3113360099783788,1.3667798447018338,0.0,0.0,0.8774360259041091,1.346332075269102,-1.1872418166181087,-1.2222764482977682,1.0450120617509737,0.53805643
0.01039232563008531,1.4055203642860443,1.3667798447018338,0.0,0.0,1.011877870485698,-0.4511740332343719,0.046897285895517775,-1.2222764482977682,1.0450120617509737,0.53805643
0.01732054271680885,-1.3113360099783788,0.47345968476599465,0.0,0.0,0.04181984555756601,-1.3499270874861087,1.2810363884091442,1.179052526746963,1.0450120617509737,0.29683518
0.024248759803532388,-1.3113360099783788,-0.41986047516984465,0.0,0.0,-0.5686335706929825,-1.3499270874861087,0.046897285895517775,1.179052526746963,1.0450120617509737,0.01384121
0.031176976890255927,0.4999015728645699,1.3667798447018338,0.0,0.0,0.8790235118738103,1.346332075269102,0.046897285895517775,-1.2222764482977682,1.0450120617509737,0.53805643
0.038105193976979465,0.4999015728645699,0.47345968476599465,0.0,0.0,1.5113634150181094,-1.3499270874861087,0.046897285895517775,-0.0216119607754026,-0.9569267538639185,0.4219584
0.04503341106370301,1.4055203642860443,-1.3131806351056838,0.0,0.0,-0.16840493580714092,-1.3499270874861087,0.046897285895517775,-0.0216119607754026,1.0450120617509737,0.112534955
0.05196162815042655,0.4999015728645699,1.3667798447018338,0.0,0.0,0.6352273059039447,-1.3499270874861087,1.2810363884091442,-0.0216119607754026,-0.9569267538639185,0.51089686
0.05888984523715009,0.4999015728645699,-0.41986047516984465,0.0,0.0,1.4356065025951508,-1.3499270874861087,1.2810363884091442,1.179052526746963,-0.9569267538639185,0.6943947
0.06581806232387363,0.4999015728645699,-0.41986047516984465,0.0,0.0,-0.0024475910729571974,-0.4511740332343719,1.2810363884091442,-0.0216119607754026,1.0450120617509737,0.27581006
0.07274627941059716,-1.3113360099783788,-0.41986047516984465,0.0,0.0,-0.0798700625460945,-1.3499270874861087,-1.1872418166181087,1.179052526746963,1.0450120617509737,0.081467226
0.07967449649732071,1.4055203642860443,-1.3131806351056838,0.0,0.0,1.467486343789972,0.44757902101736496,1.2810363884091442,1.179052526746963,-0.9569267538639185,0.6943947
0.08660271358404424,-0.40571721855690457,1.3667798447018338,0.0,0.0,1.3350743993007879,1.346332075269102,0.046897285895517775,-0.0216119607754026,-0.9569267538639185,0.53805643
0.09353093067076779,-1.3113360099783788,1.3667798447018338,0.0,0.0,1.0617665689105735,-0.4511740332343719,1.2810363884091442,-0.0216119607754026,1.0450120617509737,0.5371335
0.10045914775749132,0.4999015728645699,-1.3131806351056838,0.0,0.0,-1.4048743356833424,-1.3499270874861087,0.046897285895517775,-1.2222764482977682,-0.9569267538639185,0.023432346
0.10738736484421486,-1.3113360099783788,1.3667798447018338,0.0,0.0,-1.1923333862644812,-0.4511740332343719,-1.1872418166181087,-1.2222764482977682,1.0450120617509737,0.022850353
0.11431558193093841,0.4999015728645699,-1.3131806351056838,0.0,0.0,0.48748701328108746,-1.3499270874861087,0.046897285895517775,-0.0216119607754026,1.0450120617509737,0.19982556
0.12124379901766194,0.4999015728645699,-1.3131806351056838,0.0,0.0,-0.16593262159203234,0.44757902101736496,0.046897285895517775,1.179052526746963,1.0450120617509737,0.13233629
0.12817201610438547,-1.3113360099783788,-1.3131806351056838,0.0,0.0,0.7862466679068408,1.346332075269102,0.046897285895517775,1.179052526746963,-0.9569267538639185,0.44723386
0.13510023319110903,1.4055203642860443,-0.41986047516984465,0.0,0.0,-1.4353748857897346,-1.3499270874861087,-1.1872418166181087,1.179052526746963,-0.9569267538639185,0.043233685
0.14202845027783256,0.4999015728645699,1.3667798447018338,0.0,0.0,1.405496317891144,-1.3499270874861087,1.2810363884091442,1.179052526746963,1.0450120617509737,0.5446903
0.1489566673645561,1.4055203642860443,-1.3131806351056838,0.0,0.0,0.8831353607789383,-1.3499270874861087,1.2810363884091442,1.179052526746963,-0.9569267538639185,0.6943947
0.15588488445127965,-0.40571721855690457,1.3667798447018338,0.0,0.0,0.9626658054249577,-1.3499270874861087,-1.1872418166181087,-1.2222764482977682,-0.9569267538639185,0.53805643
0.16281310153800319,0.4999015728645699,-0.41986047516984465,0.0,0.0,1.3119127187592443,1.346332075269102,0.046897285895517775,-0.0216119607754026,-0.9569267538639185,0.4219584
0.16974131862472672,1.4055203642860443,-1.3131806351056838,0.0,0.0,-0.4036391272846831,1.346332075269102,1.2810363884091442,-1.2222764482977682,-0.9569267538639185,0.1913879
0.17666953571145025,1.4055203642860443,0.47345968476599465,0.0,0.0,-0.598691706676671,0.44757902101736496,-1.1872418166181087,1.179052526746963,-0.9569267538639185,-0.0027852375
0.1835977527981738,-0.40571721855690457,-0.41986047516984465,0.0,0.0,-0.8938339752403182,1.346332075269102,1.2810363884091442,1.179052526746963,-0.9569267538639185,0.2285362
0.19052596988489734,1.4055203642860443,0.47345968476599465,0.0,0.0,0.37594660563945165,-1.3499270874861087,-1.1872418166181087,1.179052526746963,-0.9569267538639185,0.12447541
0.19745418697162087,1.4055203642860443,1.3667798447018338,0.0,0.0,0.22443278079353388,0.44757902101736496,0.046897285895517775,1.179052526746963,1.0450120617509737,0.1576305
0.20438240405834443,-0.40571721855690457,1.3667798447018338,0.0,0.0,1.4867703946678188,0.44757902101736496,1.2810363884091442,-0.0216119607754026,-0.9569267538639185,0.5371335
0.21131062114506796,0.4999015728645699,-0.41986047516984465,0.0,0.0,0.09152637346132811,0.44757902101736496,-1.1872418166181087,1.179052526746963,-0.9569267538639185,0.14471129
0.2182388382317915,1.4055203642860443,1.3667798447018338,0.0,0.0,1.375177938305865,-1.3499270874861087,1.2810363884091442,-0.0216119607754026,-0.9569267538639185,0.5371335
0.22516705531851502,1.4055203642860443,0.47345968476599465,0.0,0.0,0.2309909195536114,-0.4511740332343719,1.2810363884091442,1.179052526746963,-0.9569267538639185,-0.7385088
0.23209527240523858,1.4055203642860443,-1.3131806351056838,0.0,0.0,1.1375234813335322,-1.3499270874861087,1.2810363884091442,-0.0216119607754026,-0.9569267538639185,0.66911924
0.23902348949196212,-1.3113360099783788,-1.3131806351056838,0.0,0.0,-1.2472708105602097,1.346332075269102,1.2810363884091442,-1.2222764482977682,-0.9569267538639185,0.23498051
0.24595170657868565,-0.40571721855690457,-1.3131806351056838,0.0,0.0,-0.6637005583539474,1.346332075269102,-1.1872418166181087,1.179052526746963,-0.9569267538639185,0.016790807
0.2528799236654092,-1.3113360099783788,-0.41986047516984465,0.0,0.0,-1.599640647113581,-1.3499270874861087,0.046897285895517775,-0.0216119607754026,-0.9569267538639185,0.0046569947
0.2598081407521327,-0.40571721855690457,1.3667798447018338,0.0,0.0,1.2022200406889,-1.3499270874861087,-1.1872418166181087,-1.2222764482977682,1.0450120617509737,0.53805643
0.2667363578388563,0.4999015728645699,0.47345968476599465,0.0,0.0,0.9487427727398725,0.44757902101736496,-1.1872418166181087,1.179052526746963,-0.9569267538639185,0.44723386
0.27366457492557983,0.4999015728645699,1.3667798447018338,0.0,0.0,0.3067478319765703,-1.3499270874861087,-1.1872418166181087,1.179052526746963,-0.9569267538639185,0.21362585
0.28059279201230336,1.4055203642860443,1.3667798447018338,0.0,0.0,-1.1514230920944737,0.44757902101736496,0.046897285895517775,1.179052526746963,-0.9569267538639185,0.039064236
0.2875210090990269,-0.40571721855690457,1.3667798447018338,0.0,0.0,0.5421641939752257,1.346332075269102,1.2810363884091442,-0.0216119607754026,-0.9569267538639185,0.42047638
0.2944492261857504,0.4999015728645699,-1.3131806351056838,0.0,0.0,1.0699382180005113,0.44757902101736496,1.2810363884091442,-0.0216119607754026,1.0450120617509737,0.66911924
0.30137744327247395,-0.40571721855690457,0.47345968476599465,0.0,0.0,0.3839100598481172,-1.3499270874861087,1.2810363884091442,-1.2222764482977682,1.0450120617509737,0.3710192
0.3083056603591975,0.4999015728645699,0.47345968476599465,0.0,0.0,1.4046375140058958,1.346332075269102,0.046897285895517775,-0.0216119607754026,1.0450120617509737,0.4219584
0.3152338774459211,-1.3113360099783788,1.3667798447018338,0.0,0.0,0.10128550852096727,-0.4511740332343719,1.2810363884091442,-0.0216119607754026,1.0450120617509737,0.08214015
0.3221620945326446,0.4999015728645699,-1.3131806351056838,0.0,0.0,1.0425345667530446,0.44757902101736496,0.046897285895517775,1.179052526746963,1.0450120617509737,0.44723386
0.32909031161936814,-1.3113360099783788,-1.3131806351056838,0.0,0.0,0.452015810384319,1.346332075269102,1.2810363884091442,1.179052526746963,1.0450120617509737,0.41733342
0.33601852870609167,0.4999015728645699,0.47345968476599465,0.0,0.0,-0.827497881194931,0.44757902101736496,1.2810363884091442,1.179052526746963,1.0450120617509737,0.2285362
0.3429467457928152,1.4055203642860443,-1.3131806351056838,0.0,0.0,-0.32632075325218196,1.346332075269102,-1.1872418166181087,1.179052526746963,1.0450120617509737,0.020338207
0.34987496287953873,-1.3113360099783788,-1.3131806351056838,0.0,0.0,-0.4126695802598692,1.346332075269102,0.046897285895517775,1.179052526746963,1.0450120617509737,0.019718498
0.35680317996626226,0.4999015728645699,-1.3131806351056838,0.0,0.0,0.1017279226436709,0.44757902101736496,-1.1872418166181087,1.179052526746963,1.0450120617509737,0.14471129
0.36373139705298585,1.4055203642860443,-0.41986047516984465,0.0,0.0,-1.3579524143165973,-0.4511740332343719,-1.1872418166181087,1.179052526746963,1.0450120617509737,0.043233685
0.3706596141397094,-1.3113360099783788,1.3667798447018338,0.0,0.0,0.6397034958512993,1.346332075269102,-1.1872418166181087,-1.2222764482977682,1.0450120617509737,0.5118198
0.3775878312264329,1.4055203642860443,0.47345968476599465,0.0,0.0,0.6433469062735645,1.346332075269102,0.046897285895517775,-1.2222764482977682,1.0450120617509737,0.39572167
0.38451604831315644,-0.40571721855690457,0.47345968476599465,0.0,0.0,0.8881840866497916,1.346332075269102,0.046897285895517775,-1.2222764482977682,1.0450120617509737,0.4219584
0.39144426539988,-0.40571721855690457,-0.41986047516984465,0.0,0.0,-1.506707656985657,-0.4511740332343719,1.2810363884091442,-1.2222764482977682,1.0450120617509737,0.20152967
0.3983724824866035,-1.3113360099783788,1.3667798447018338,0.0,0.0,-1.0823023915120695,-0.4511740332343719,-1.1872418166181087,1.179052526746963,1.0450120617509737,0.039064236
0.4053006995733271,0.4999015728645699,0.47345968476599465,0.0,0.0,0.3104172667589946,-1.3499270874861087,1.2810363884091442,-1.2222764482977682,-0.9569267538639185,0.30491588
0.4122289166600506,-1.3113360099783788,-1.3131806351056838,0.0,0.0,1.2790439518783796,0.44757902101736496,-1.1872418166181087,1.179052526746963,1.0450120617509737,0.44723386
0.41915713374677416,1.4055203642860443,0.47345968476599465,0.0,0.0,0.40511991337773295,-0.4511740332343719,0.046897285895517775,-1.2222764482977682,-0.9569267538639185,0.14216332
0.4260853508334977,0.4999015728645699,-1.3131806351056838,0.0,0.0,-0.012102628691960202,0.44757902101736496,0.046897285895517775,-0.0216119607754026,1.0450120617509737,0.078937344
0.4330135679202212,-0.40571721855690457,-0.41986047516984465,0.0,0.0,-1.2864895213198797,-1.3499270874861087,0.046897285895517775,-1.2222764482977682,1.0450120617509737,0.03810785
0.43994178500694475,0.4999015728645699,-1.3131806351056838,0.0,0.0,-1.7468604525332574,0.44757902101736496,-1.1872418166181087,-1.2222764482977682,-0.9569267538639185,0.0046569947
0.4468700020936683,-0.40571721855690457,0.47345968476599465,0.0,0.0,0.4021010875992846,-0.4511740332343719,0.046897285895517775,1.179052526746963,1.0450120617509737,0.14628537
0.45379821918039187,0.4999015728645699,0.47345968476599465,0.0,0.0,-0.4589408926226383,0.44757902101736496,-1.1872418166181087,-1.2222764482977682,-0.9569267538639185,-0.0059601273
0.4607264362671154,0.4999015728645699,0.47345968476599465,0.0,0.0,-0.8597420634319787,-0.4511740332343719,1.2810363884091442,-0.0216119607754026,-0.9569267538639185,0.20873486
0.46765465335383893,0.4999015728645699,-0.41986047516984465,0.0,0.0,-1.2337121189173512,0.44757902101736496,-1.1872418166181087,1.179052526746963,-0.9569267538639185,0.057909183
0.47458287044056247,1.4055203642860443,-0.41986047516984465,0.0,0.0,1.4968678464095255,-0.4511740332343719,1.2810363884091442,1.179052526746963,1.0450120617509737,0.6943947
0.481511087527286,1.4055203642860443,1.3667798447018338,0.0,0.0,0.35897872281575904,-0.4511740332343719,-1.1872418166181087,-1.2222764482977682,1.0450120617509737,0.34037
0.48843930461400953,-1.3113360099783788,0.47345968476599465,0.0,0.0,-0.032245483455055415,0.44757902101736496,1.2810363884091442,1.179052526746963,1.0450120617509737,0.2956114
0.49536752170073306,-1.3113360099783788,-1.3131806351056838,0.0,0.0,-0.5238456468592785,-1.3499270874861087,0.046897285895517775,1.179052526746963,-0.9569267538639185,0.01384121
0.5022957387874566,-0.40571721855690457,-0.41986047516984465,0.0,0.0,0.6163856691488014,1.346332075269102,1.2810363884091442,1.179052526746963,-0.9569267538639185,0.5656081
0.5092239558741801,1.4055203642860443,0.47345968476599465,0.0,0.0,0.6092810188253841,-1.3499270874861087,0.046897285895517775,1.179052526746963,1.0450120617509737,0.3184473
0.5161521729609037,-0.40571721855690457,0.47345968476599465,0.0,0.0,-1.7556566862670122,0.44757902101736496,0.046897285895517775,1.179052526746963,1.0450120617509737,0.024458334
0.5230803900476272,-1.3113360099783788,-0.41986047516984465,0.0,0.0,-1.0493815759108867,-1.3499270874861087,1.2810363884091442,1.179052526746963,1.0450120617509737,0.25478187
0.5300086071343508,-0.40571721855690457,1.3667798447018338,0.0,0.0,0.34229710795381585,-0.4511740332343719,-1.1872418166181087,-0.0216119607754026,1.0450120617509737,0.3732797
0.5369368242210744,-1.3113360099783788,-0.41986047516984465,0.0,0.0,-0.7472387544644585,1.346332075269102,-1.1872418166181087,-1.2222764482977682,1.0450120617509737,0.016680116
0.5438650413077979,1.4055203642860443,-0.41986047516984465,0.0,0.0,-1.73543575842344,0.44757902101736496,-1.1872418166181087,-0.0216119607754026,-0.9569267538639185,0.0046569947
0.5507932583945214,0.4999015728645699,-1.3131806351056838,0.0,0.0,0.4806686309194195,0.44757902101736496,-1.1872418166181087,1.179052526746963,-0.9569267538639185,0.19813576
0.557721475481245,1.4055203642860443,-1.3131806351056838,0.0,0.0,0.22164817425651684,0.44757902101736496,-1.1872418166181087,1.179052526746963,-0.9569267538639185,0.15388462
0.5646496925679685,-0.40571721855690457,1.3667798447018338,0.0,0.0,-1.0237736055143936,1.346332075269102,0.046897285895517775,-1.2222764482977682,1.0450120617509737,0.013464953
0.571577909654692,-0.40571721855690457,0.47345968476599465,0.0,0.0,0.9300833065058424,-0.4511740332343719,-1.1872418166181087,-0.0216119607754026,-0.9569267538639185,0.4219584
0.5785061267414155,1.4055203642860443,-0.41986047516984465,0.0,0.0,0.9769792035124284,0.44757902101736496,0.046897285895517775,-1.2222764482977682,-0.9569267538639185,0.4219584
0.5854343438281391,1.4055203642860443,1.3667798447018338,0.0,0.0,-0.9859862345634708,-1.3499270874861087,0.046897285895517775,-0.0216119607754026,-0.9569267538639185,0.013464953
0.5923625609148626,-1.3113360099783788,-1.3131806351056838,0.0,0.0,-1.5235454180085546,0.44757902101736496,0.046897285895517775,1.179052526746963,-0.9569267538639185,0.024458334
0.5992907780015861,-0.40571721855690457,-0.41986047516984465,0.0,0.0,-0.09277814518497722,0.44757902101736496,1.2810363884091442,-1.2222764482977682,-0.9569267538639185,0.25946307
0.6062189950883097,-0.40571721855690457,0.47345968476599465,0.0,0.0,-0.8782193591448955,0.44757902101736496,1.2810363884091442,-1.2222764482977682,1.0450120617509737,0.20873486
0.6131472121750332,1.4055203642860443,-1.3131806351056838,0.0,0.0,-1.096459643438586,0.44757902101736496,0.046897285895517775,1.179052526746963,-0.9569267538639185,0.057909183
0.6200754292617568,0.4999015728645699,-1.3131806351056838,0.0,0.0,1.3410339777772076,-0.4511740332343719,1.2810363884091442,-1.2222764482977682,1.0450120617509737,0.66911924
0.6270036463484804,-0.40571721855690457,-1.3131806351056838,0.0,0.0,-0.6898550403137803,-1.3499270874861087,-1.1872418166181087,-0.0216119607754026,1.0450120617509737,-0.003010532
0.6339318634352039,0.4999015728645699,1.3667798447018338,0.0,0.0,1.2930190332837828,-0.4511740332343719,-1.1872418166181087,-0.0216119607754026,1.0450120617509737,0.53805643
0.6408600805219274,1.4055203642860443,0.47345968476599465,0.0,0.0,-0.8506335373763154,-1.3499270874861087,0.046897285895517775,-0.0216119607754026,1.0450120617509737,0.01186219
0.647788297608651,1.4055203642860443,-0.41986047516984465,0.0,0.0,-1.730725349234654,0.44757902101736496,-1.1872418166181087,-0.0216119607754026,1.0450120617509737,0.0046569947
0.6547165146953745,-1.3113360099783788,1.3667798447018338,0.0,0.0,0.9350799836563777,1.346332075269102,0.046897285895517775,1.179052526746963,-0.9569267538639185,0.5456132
0.661644731782098,-0.40571721855690457,1.3667798447018338,0.0,0.0,1.2161430733739853,-0.4511740332343719,0.046897285895517775,-1.2222764482977682,-0.9569267538639185,0.53805643
0.6685729488688216,0.4999015728645699,1.3667798447018338,0.0,0.0,-0.05418401906912424,1.346332075269102,-1.1872418166181087,-0.0216119607754026,1.0450120617509737,0.05301592
0.6755011659555451,-1.3113360099783788,-1.3131806351056838,0.0,0.0,1.5406928689173451,-0.4511740332343719,1.2810363884091442,1.179052526746963,1.0450120617509737,0.6943947
0.6824293830422686,-0.40571721855690457,0.47345968476599465,0.0,0.0,-0.5847946983517449,0.44757902101736496,-1.1872418166181087,-1.2222764482977682,1.0450120617509737,-0.022586579
0.6893576001289922,-1.3113360099783788,1.3667798447018338,0.0,0.0,0.5634260962251596,-0.4511740332343719,-1.1872418166181087,-1.2222764482977682,-0.9569267538639185,0.43089458
0.6962858172157157,1.4055203642860443,-0.41986047516984465,0.0,0.0,-0.16996639741668318,0.44757902101736496,0.046897285895517775,1.179052526746963,1.0450120617509737,0.13233629
0.7032140343024392,-0.40571721855690457,0.47345968476599465,0.0,0.0,1.4663412719429743,-0.4511740332343719,0.046897285895517775,1.179052526746963,-0.9569267538639185,0.44723386
0.7101422513891628,-1.3113360099783788,-0.41986047516984465,0.0,0.0,-1.3622464337428386,0.44757902101736496,0.046897285895517775,-0.0216119607754026,1.0450120617509737,0.023432346
0.7170704684758864,-1.3113360099783788,0.47345968476599465,0.0,0.0,1.3607344184175991,0.44757902101736496,0.046897285895517775,-1.2222764482977682,-0.9569267538639185,0.4219584
0.7239986855626099,0.4999015728645699,-0.41986047516984465,0.0,0.0,-0.29251510940559194,-1.3499270874861087,1.2810363884091442,-1.2222764482977682,1.0450120617509737,0.19740959
0.7309269026493335,-1.3113360099783788,-1.3131806351056838,0.0,0.0,-1.5902198287360092,0.44757902101736496,1.2810363884091442,1.179052526746963,-0.9569267538639185,0.22133102
0.737855119736057,-0.40571721855690457,1.3667798447018338,0.0,0.0,-1.5919894852268237,-1.3499270874861087,1.2810363884091442,-1.2222764482977682,1.0450120617509737,-0.0035907985
0.7447833368227805,-0.40571721855690457,-0.41986047516984465,0.0,0.0,0.027116082067709685,0.44757902101736496,0.046897285895517775,-0.0216119607754026,-0.9569267538639185,0.09792184
0.7517115539095041,0.4999015728645699,0.47345968476599465,0.0,0.0,-1.525887610422868,1.346332075269102,0.046897285895517775,-1.2222764482977682,-0.9569267538639185,0.0046569947
0.7586397709962276,-0.40571721855690457,1.3667798447018338,0.0,0.0,0.9929841850102367,0.44757902101736496,0.046897285895517775,1.179052526746963,-0.9569267538639185,0.5456132
0.7655679880829511,1.4055203642860443,1.3667798447018338,0.0,0.0,0.2966243558747046,1.346332075269102,1.2810363884091442,1.179052526746963,-0.9569267538639185,0.19961499
0.7724962051696747,-0.40571721855690457,0.47345968476599465,0.0,0.0,-1.4476844081449596,1.346332075269102,0.046897285895517775,-0.0216119607754026,-0.9569267538639185,0.023432346
0.7794244222563982,-0.40571721855690457,-0.41986047516984465,0.0,0.0,-0.7464059749393693,0.44757902101736496,-1.1872418166181087,-0.0216119607754026,-0.9569267538639185,0.016680116
0.7863526393431217,-1.3113360099783788,-1.3131806351056838,0.0,0.0,-1.166725415867988,1.346332075269102,-1.1872418166181087,-1.2222764482977682,-0.9569267538639185,0.03810785
0.7932808564298452,-1.3113360099783788,-1.3131806351056838,0.0,0.0,0.9451514110379253,-1.3499270874861087,0.046897285895517775,-1.2222764482977682,1.0450120617509737,0.4219584
0.8002090735165688,-0.40571721855690457,-0.41986047516984465,0.0,0.0,-0.9157204621340689,-0.4511740332343719,-1.1872418166181087,1.179052526746963,1.0450120617509737,0.05112701
0.8071372906032923,0.4999015728645699,1.3667798447018338,0.0,0.0,0.27033975211407646,0.44757902101736496,-1.1872418166181087,-0.0216119607754026,1.0450120617509737,0.33180845
0.814065507690016,-1.3113360099783788,1.3667798447018338,0.0,0.0,1.5768667295384076,1.346332075269102,1.2810363884091442,-0.0216119607754026,1.0450120617509737,0.5371335
0.8209937247767395,0.4999015728645699,1.3667798447018338,0.0,0.0,-1.7117275663185565,0.44757902101736496,0.046897285895517775,-0.0216119607754026,1.0450120617509737,-0.002667897
0.827921941863463,-0.40571721855690457,1.3667798447018338,0.0,0.0,-0.6243257014333232,-1.3499270874861087,0.046897285895517775,-1.2222764482977682,-0.9569267538639185,-0.042121436
0.8348501589501865,-0.40571721855690457,-0.41986047516984465,0.0,0.0,0.39213375765837316,0.44757902101736496,1.2810363884091442,-0.0216119607754026,-0.9569267538639185,0.379975
0.8417783760369101,1.4055203642860443,1.3667798447018338,0.0,0.0,-1.646640641560803,0.44757902101736496,-1.1872418166181087,1.179052526746963,-0.9569267538639185,0.013545989
0.8487065931236336,-1.3113360099783788,0.47345968476599465,0.0,0.0,1.4084370705891152,1.346332075269102,-1.1872418166181087,1.179052526746963,-0.9569267538639185,0.44723386
0.8556348102103571,-0.40571721855690457,1.3667798447018338,0.0,0.0,-1.4968704488455409,-1.3499270874861087,0.046897285895517775,-1.2222764482977682,-0.9569267538639185,-0.002667897
0.8625630272970807,1.4055203642860443,-1.3131806351056838,0.0,0.0,1.0440179552821096,-0.4511740332343719,-1.1872418166181087,-1.2222764482977682,1.0450120617509737,0.4219584
0.8694912443838042,-1.3113360099783788,1.3667798447018338,0.0,0.0,1.4382349629712134,-0.4511740332343719,1.2810363884091442,-0.0216119607754026,1.0450120617509737,0.5371335
0.8764194614705277,-0.40571721855690457,-0.41986047516984465,0.0,0.0,1.0349094292264465,1.346332075269102,1.2810363884091442,-1.2222764482977682,1.0450120617509737,0.66911924
0.8833476785572513,-0.40571721855690457,-1.3131806351056838,0.0,0.0,1.055338551951291,0.44757902101736496,0.046897285895517775,1.179052526746963,1.0450120617509737,0.44723386
0.8902758956439748,-1.3113360099783788,-0.41986047516984465,0.0,0.0,-1.1593084732226622,1.346332075269102,1.2810363884091442,-0.0216119607754026,-0.9569267538639185,0.23498051
0.8972041127306983,-1.3113360099783788,-0.41986047516984465,0.0,0.0,0.9910063336381498,1.346332075269102,1.2810363884091442,1.179052526746963,-0.9569267538639185,0.6943947
0.9041323298174219,-1.3113360099783788,-1.3131806351056838,0.0,0.0,-1.4072425524578147,1.346332075269102,0.046897285895517775,-0.0216119607754026,-0.9569267538639185,0.023432346
0.9110605469041455,-0.40571721855690457,-0.41986047516984465,0.0,0.0,-0.7901789487268708,0.44757902101736496,1.2810363884091442,-1.2222764482977682,1.0450120617509737,0.21355279
0.917988763990869,-0.40571721855690457,-0.41986047516984465,0.0,0.0,1.4744088235922759,-1.3499270874861087,1.2810363884091442,-0.0216119607754026,-0.9569267538639185,0.66911924
0.9249169810775926,1.4055203642860443,1.3667798447018338,0.0,0.0,1.117328577850119,1.346332075269102,1.2810363884091442,-0.0216119607754026,1.0450120617509737,0.5371335
0.9318451981643161,0.4999015728645699,0.47345968476599465,0.0,0.0,1.2528894699185467,0.44757902101736496,-1.1872418166181087,1.179052526746963,-0.9569267538639185,0.44723386
0.9387734152510396,-1.3113360099783788,-0.41986047516984465,0.0,0.0,1.53569619176681,-1.3499270874861087,0.046897285895517775,1.179052526746963,-0.9569267538639185,0.44723386
0.9457016323377632,-0.40571721855690457,-0.41986047516984465,0.0,0.0,-0.5054724485869978,1.346332075269102,0.046897285895517775,-0.0216119607754026,1.0450120617509737,-0.0059601273
0.9526298494244867,-0.40571721855690457,-0.41986047516984465,0.0,0.0,-0.529050518891086,-0.4511740332343719,0.046897285895517775,-1.2222764482977682,-0.9569267538639185,-0.0059601273
0.9595580665112102,-1.3113360099783788,1.3667798447018338,0.0,0.0,0.9316447681153847,-1.3499270874861087,-1.1872418166181087,-1.2222764482977682,-0.9569267538639185,0.53805643
0.9664862835979338,0.4999015728645699,0.47345968476599465,0.0,0.0,-1.3575880732743708,1.346332075269102,-1.1872418166181087,1.179052526746963,1.0450120617509737,0.043233685
0.9734145006846573,-1.3113360099783788,-1.3131806351056838,0.0,0.0,1.499288111904316,-1.3499270874861087,0.046897285895517775,-1.2222764482977682,-0.9569267538639185,0.4219584
0.9803427177713808,0.4999015728645699,1.3667798447018338,0.0,0.0,0.5274083817650513,-1.3499270874861087,-1.1872418166181087,1.179052526746963,1.0450120617509737,0.39062816
0.9872709348581044,-0.40571721855690457,1.3667798447018338,0.0,0.0,1.5255987400251032,-1.3499270874861087,0.046897285895517775,-1.2222764482977682,-0.9569267538639185,0.53805643
0.9941991519448279,0.4999015728645699,0.47345968476599465,0.0,0.0,-0.32098575941957924,-1.3499270874861087,-1.1872418166181087,-0.0216119607754026,-0.9569267538639185,0.00053686835
1.0011273690315514,1.4055203642860443,0.47345968476599465,0.0,0.0,-1.0180222219192463,-1.3499270874861087,1.2810363884091442,1.179052526746963,-0.9569267538639185,0.24799968
1.008055586118275,-0.40571721855690457,1.3667798447018338,0.0,0.0,0.3460446158167173,-1.3499270874861087,1.2810363884091442,1.179052526746963,-0.9569267538639185,0.2369218
1.0149838032049985,1.4055203642860443,-1.3131806351056838,0.0,0.0,-1.1360687196006416,1.346332075269102,0.046897285895517775,-0.0216119607754026,-0.9569267538639185,0.03810785
1.021912020291722,-1.3113360099783788,1.3667798447018338,0.0,0.0,-0.8134187023488915,-0.4511740332343719,-1.1872418166181087,1.179052526746963,-0.9569267538639185,0.013854881
1.0288402373784455,-1.3113360099783788,0.47345968476599465,0.0,0.0,-0.04957770732097456,0.44757902101736496,-1.1872418166181087,-1.2222764482977682,-0.9569267538639185,0.07852823
1.035768454465169,-1.3113360099783788,-1.3131806351056838,0.0,0.0,0.7613673795948007,-1.3499270874861087,1.2810363884091442,-1.2222764482977682,-0.9569267538639185,0.6428825
1.0426966715518926,0.4999015728645699,0.47345968476599465,0.0,0.0,1.1113689993736993,0.44757902101736496,1.2810363884091442,1.179052526746963,1.0450120617509737,0.6943947
1.0496248886386164,-0.40571721855690457,-1.3131806351056838,0.0,0.0,0.7040096898042815,1.346332075269102,-1.1872418166181087,-1.2222764482977682,1.0450120617509737,0.39572167
1.05655310572534,-1.3113360099783788,-0.41986047516984465,0.0,0.0,-0.4581601618178672,-1.3499270874861087,-1.1872418166181087,1.179052526746963,-0.9569267538639185,0.01384121
1.0634813228120634,-1.3113360099783788,0.47345968476599465,0.0,0.0,-0.6485283563812283,-0.4511740332343719,-1.1872418166181087,-0.0216119607754026,-0.9569267538639185,-0.022586579
1.070409539898787,-0.40571721855690457,0.47345968476599465,0.0,0.0,-0.7946551386742253,0.44757902101736496,-1.1872418166181087,1.179052526746963,1.0450120617509737,0.036481455
1.0773377569855105,-1.3113360099783788,1.3667798447018338,0.0,0.0,-0.35606659691396214,-1.3499270874861087,-1.1872418166181087,-0.0216119607754026,-0.9569267538639185,-0.018201686
1.084265974072234,1.4055203642860443,0.47345968476599465,0.0,0.0,-0.9650886733557635,1.346332075269102,-1.1872418166181087,-1.2222764482977682,-0.9569267538639185,0.031325676
1.0911941911589575,-0.40571721855690457,0.47345968476599465,0.0,0.0,1.6156170018152147,-0.4511740332343719,0.046897285895517775,-0.0216119607754026,1.0450120617509737,0.4219584
1.098122408245681,-0.40571721855690457,-0.41986047516984465,0.0,0.0,0.8752760040109089,0.44757902101736496,-1.1872418166181087,-1.2222764482977682,-0.9569267538639185,0.4219584
1.1050506253324046,-0.40571721855690457,0.47345968476599465,0.0,0.0,-0.933052685999988,0.44757902101736496,1.2810363884091442,1.179052526746963,-0.9569267538639185,0.24799968
1.1119788424191281,1.4055203642860443,-0.41986047516984465,0.0,0.0,0.29644218535359135,-1.3499270874861087,0.046897285895517775,-1.2222764482977682,1.0450120617509737,0.04511383
1.1189070595058517,-0.40571721855690457,-0.41986047516984465,0.0,0.0,-0.5383932641881806,-0.4511740332343719,-1.1872418166181087,1.179052526746963,-0.9569267538639185,0.01384121
1.1258352765925752,1.4055203642860443,-0.41986047516984465,0.0,0.0,1.1587593592233072,-0.4511740332343719,1.2810363884091442,1.179052526746963,-0.9569267538639185,0.6943947
1.1327634936792987,-0.40571721855690457,-0.41986047516984465,0.0,0.0,-1.2552863134891934,-0.4511740332343719,0.046897285895517775,-0.0216119607754026,1.0450120617509737,0.03810785
1.1396917107660223,0.4999015728645699,-1.3131806351056838,0.0,0.0,-0.6624774134264726,-0.4511740332343719,1.2810363884091442,-0.0216119607754026,-0.9569267538639185,0.19386218
1.1466199278527458,-1.3113360099783788,1.3667798447018338,0.0,0.0,0.2907688748389211,1.346332075269102,-1.1872418166181087,-0.0216119607754026,1.0450120617509737,0.33773494
1.1535481449394693,0.4999015728645699,-1.3131806351056838,0.0,0.0,-1.0607281969402271,-0.4511740332343719,-1.1872418166181087,-0.0216119607754026,-0.9569267538639185,0.03810785
1.1604763620261929,-1.3113360099783788,0.47345968476599465,0.0,0.0,1.1041082028893279,0.44757902101736496,-1.1872418166181087,-1.2222764482977682,-0.9569267538639185,0.4219584
1.1674045791129164,1.4055203642860443,-1.3131806351056838,0.0,0.0,-1.5515216051795202,0.44757902101736496,-1.1872418166181087,-1.2222764482977682,1.0450120617509737,0.0046569947
1.17433279619964,0.4999015728645699,-1.3131806351056838,0.0,0.0,-0.8245571284969596,1.346332075269102,0.046897285895517775,-1.2222764482977682,1.0450120617509737,0.01186219
1.1812610132863635,-0.40571721855690457,0.47345968476599465,0.0,0.0,0.04751918043239528,0.44757902101736496,0.046897285895517775,1.179052526746963,-0.9569267538639185,0.09996251
1.188189230373087,-1.3113360099783788,0.47345968476599465,0.0,0.0,0.9281835282142327,0.44757902101736496,1.2810363884091442,-1.2222764482977682,1.0450120617509737,0.66911924
1.1951174474598105,-1.3113360099783788,0.47345968476599465,0.0,0.0,-1.3182912894342238,-0.4511740332343719,-1.1872418166181087,-1.2222764482977682,1.0450120617509737,0.023432346
1.202045664546534,0.4999015728645699,-1.3131806351056838,0.0,0.0,1.006985290775799,0.44757902101736496,1.2810363884091442,-1.2222764482977682,-0.9569267538639185,0.66911924
1.2089738816332576,1.4055203642860443,-1.3131806351056838,0.0,0.0,1.236650269179307,1.346332075269102,0.046897285895517775,-0.0216119607754026,-0.9569267538639185,0.4219584
1.2159020987199811,0.4999015728645699,0.47345968476599465,0.0,0.0,-1.6145265811245504,-0.4511740332343719,-1.1872418166181087,-1.2222764482977682,-0.9569267538639185,0.0046569947
1.2228303158067046,1.4055203642860443,1.3667798447018338,0.0,0.0,-0.18651789047783118,-1.3499270874861087,-1.1872418166181087,1.179052526746963,1.0450120617509737,0.09939224
1.2297585328934282,1.4055203642860443,1.3667798447018338,0.0,0.0,0.14680211443912428,-0.4511740332343719,0.046897285895517775,-0.0216119607754026,1.0450120617509737,0.12758407
1.2366867499801517,-1.3113360099783788,-0.41986047516984465,0.0,0.0,0.5044809204649391,1.346332075269102,0.046897285895517775,1.179052526746963,1.0450120617509737,0.21439946
1.2436149670668755,0.4999015728645699,0.47345968476599465,0.0,0.0,1.1329952426658598,-0.4511740332343719,0.046897285895517775,-1.2222764482977682,1.0450120617509737,0.4219584
1.250543184153599,0.4999015728645699,-0.41986047516984465,0.0,0.0,0.1227556056521734,-0.4511740332343719,0.046897285895517775,-0.0216119607754026,-0.9569267538639185,0.1337233
1.2574714012403225,1.4055203642860443,1.3667798447018338,0.0,0.0,-1.0548987402646028,1.346332075269102,0.046897285895517775,1.179052526746963,1.0450120617509737,0.039064236
1.264399618327046,0.4999015728645699,-0.41986047516984465,0.0,0.0,1.321333537136816,-0.4511740332343719,-1.1872418166181087,-1.2222764482977682,-0.9569267538639185,0.4219584
1.2713278354137696,-0.40571721855690457,0.47345968476599465,0.0,0.0,1.6100998374614988,1.346332075269102,0.046897285895517775,1.179052526746963,1.0450120617509737,0.44723386
1.2782560525004931,-0.40571721855690457,0.47345968476599465,0.0,0.0,0.4530047360703624,1.346332075269102,-1.1872418166181087,1.179052526746963,-0.9569267538639185,0.17017263
1.2851842695872167,0.4999015728645699,0.47345968476599465,0.0,0.0,-0.044737176331393534,-1.3499270874861087,-1.1872418166181087,1.179052526746963,-0.9569267538639185,0.09832957
1.2921124866739402,0.4999015728645699,-1.3131806351056838,0.0,0.0,-0.7250659996089583,0.44757902101736496,0.046897285895517775,-1.2222764482977682,-0.9569267538639185,-0.003010532
1.2990407037606637,1.4055203642860443,-0.41986047516984465,0.0,0.0,-1.0883400430689663,0.44757902101736496,0.046897285895517775,-1.2222764482977682,1.0450120617509737,0.03810785
1.3059689208473872,-0.40571721855690457,1.3667798447018338,0.0,0.0,1.5306995146162745,-0.4511740332343719,-1.1872418166181087,1.179052526746963,-0.9569267538639185,0.5456132
1.3128971379341108,-0.40571721855690457,1.3667798447018338,0.0,0.0,1.204952598505599,-0.4511740332343719,0.046897285895517775,-0.0216119607754026,-0.9569267538639185,0.53805643
1.3198253550208343,-1.3113360099783788,1.3667798447018338,0.0,0.0,0.8779044643869718,-1.3499270874861087,0.046897285895517775,-0.0216119607754026,1.0450120617509737,0.53805643
1.3267535721075578,1.4055203642860443,-1.3131806351056838,0.0,0.0,-1.003969067433366,-1.3499270874861087,0.046897285895517775,-1.2222764482977682,-0.9569267538639185,0.031325676
1.3336817891942814,-1.3113360099783788,-1.3131806351056838,0.0,0.0,-0.014054455703888033,-1.3499270874861087,1.2810363884091442,-1.2222764482977682,1.0450120617509737,0.27581006
1.340610006281005,-0.40571721855690457,0.47345968476599465,0.0,0.0,0.6247394887598525,1.346332075269102,-1.1872418166181087,-1.2222764482977682,1.0450120617509737,0.39572167
1.3475382233677284,1.4055203642860443,1.3667798447018338,0.0,0.0,-1.6559053137774205,-1.3499270874861087,1.2810363884091442,-1.2222764482977682,-0.9569267538639185,-0.0035907985
1.354466440454452,0.4999015728645699,-1.3131806351056838,0.0,0.0,-0.07229697373981452,-1.3499270874861087,0.046897285895517775,-1.2222764482977682,-0.9569267538639185,0.061665885
1.3613946575411755,1.4055203642860443,0.47345968476599465,0.0,0.0,-0.8177387461352917,-0.4511740332343719,1.2810363884091442,-0.0216119607754026,1.0450120617509737,0.20873486
1.368322874627899,0.4999015728645699,1.3667798447018338,0.0,0.0,0.144537995105288,-1.3499270874861087,0.046897285895517775,-1.2222764482977682,-0.9569267538639185,0.12758407
1.3752510917146226,0.4999015728645699,-0.41986047516984465,0.0,0.0,0.7523369266196146,1.346332075269102,1.2810363884091442,1.179052526746963,1.0450120617509737,0.6568117
1.382179308801346,1.4055203642860443,0.47345968476599465,0.0,0.0,0.8213535297613828,1.346332075269102,0.046897285895517775,1.179052526746963,1.0450120617509737,0.44723386
1.3891075258880696,0.4999015728645699,-1.3131806351056838,0.0,0.0,1.2022981137693773,-0.4511740332343719,1.2810363884091442,-0.0216119607754026,1.0450120617509737,0.66911924
1.3960357429747932,-1.3113360099783788,-1.3131806351056838,0.0,0.0,-1.101274150068008,-1.3499270874861087,1.2810363884091442,1.179052526746963,-0.9569267538639185,0.25478187
1.4029639600615167,-0.40571721855690457,0.47345968476599465,0.0,0.0,-1.3004646027252829,-1.3499270874861087,1.2810363884091442,-0.0216119607754026,1.0450120617509737,0.22030504
1.4098921771482402,0.4999015728645699,0.47345968476599465,0.0,0.0,0.9371619324691007,1.346332075269102,-1.1872418166181087,-0.0216119607754026,-0.9569267538639185,0.4219584
1.4168203942349638,-1.3113360099783788,-1.3131806351056838,0.0,0.0,-1.6663671065613537,-1.3499270874861087,1.2810363884091442,1.179052526746963,-0.9569267538639185,0.22133102
1.4237486113216873,0.4999015728645699,-0.41986047516984465,0.0,0.0,-1.7273942311342971,-1.3499270874861087,-1.1872418166181087,-1.2222764482977682,-0.9569267538639185,0.0046569947
1.430676828408411,-0.40571721855690457,1.3667798447018338,0.0,0.0,1.008442654944705,-1.3499270874861087,0.046897285895517775,1.179052526746963,-0.9569267538639185,0.5456132
1.4376050454951346,-1.3113360099783788,-0.41986047516984465,0.0,0.0,1.0298867277157522,0.44757902101736496,1.2810363884091442,1.179052526746963,1.0450120617509737,0.6943947
1.444533262581858,-0.40571721855690457,0.47345968476599465,0.0,0.0,1.2335273459602225,-0.4511740332343719,0.046897285895517775,-0.0216119607754026,-0.9569267538639185,0.4219584
1.4514614796685816,-0.40571721855690457,-0.41986047516984465,0.0,0.0,0.624401172077785,0.44757902101736496,0.046897285895517775,1.179052526746963,1.0450120617509737,0.3184473
1.4583896967553052,-1.3113360099783788,-1.3131806351056838,0.0,0.0,-0.4116806545738258,-0.4511740332343719,1.2810363884091442,-0.0216119607754026,1.0450120617509737,0.19678985
1.4653179138420287,-1.3113360099783788,0.47345968476599465,0.0,0.0,-1.6660027655191272,1.346332075269102,-1.1872418166181087,-1.2222764482977682,-0.9569267538639185,0.0046569947
1.4722461309287522,-1.3113360099783788,1.3667798447018338,0.0,0.0,0.5571542254268315,-1.3499270874861087,1.2810363884091442,-1.2222764482977682,1.0450120617509737,0.42997167
1.4791743480154758,1.4055203642860443,-1.3131806351056838,0.0,0.0,-1.0414961947826984,-0.4511740332343719,0.046897285895517775,-1.2222764482977682,1.0450120617509737,0.03810785
1.4861025651021993,-1.3113360099783788,-1.3131806351056838,0.0,0.0,1.541317453561162,0.44757902101736496,0.046897285895517775,1.179052526746963,-0.9569267538639185,0.44723386
1.4930307821889228,-1.3113360099783788,1.3667798447018338,0.0,0.0,0.9204022445266804,-1.3499270874861087,1.2810363884091442,-0.0216119607754026,1.0450120617509737,0.5371335
1.4999589992756464,-1.3113360099783788,1.3667798447018338,0.0,0.0,0.8523225183506377,1.346332075269102,-1.1872418166181087,-1.2222764482977682,1.0450120617509737,0.53805643
1.5068872163623699,-1.3113360099783788,-0.41986047516984465,0.0,0.0,-1.525939659143186,-0.4511740332343719,-1.1872418166181087,-0.0216119607754026,1.0450120617509737,0.0046569947
1.5138154334490934,0.4999015728645699,0.47345968476599465,0.0,0.0,0.2594875939277577,-0.4511740332343719,0.046897285895517775,-0.0216119607754026,1.0450120617509737,0.036740556
1.520743650535817,1.4055203642860443,1.3667798447018338,0.0,0.0,-0.8353832623231193,-0.4511740332343719,0.046897285895517775,-1.2222764482977682,-0.9569267538639185,-0.0023590052
1.5276718676225405,-0.40571721855690457,1.3667798447018338,0.0,0.0,-0.9477824738500034,-1.3499270874861087,-1.1872418166181087,-1.2222764482977682,1.0450120617509737,0.013464953
1.534600084709264,-1.3113360099783788,0.47345968476599465,0.0,0.0,0.940857391611684,0.44757902101736496,1.2810363884091442,-0.0216119607754026,1.0450120617509737,0.66911924
1.5415283017959875,0.4999015728645699,1.3667798447018338,0.0,0.0,0.40642113138568486,0.44757902101736496,0.046897285895517775,-1.2222764482977682,1.0450120617509737,0.3494808
1.548456518882711,0.4999015728645699,1.3667798447018338,0.0,0.0,1.1230279127249483,-0.4511740332343719,-1.1872418166181087,-0.0216119607754026,1.0450120617509737,0.53805643
1.5553847359694346,0.4999015728645699,-0.41986047516984465,0.0,0.0,-1.530650068331972,1.346332075269102,0.046897285895517775,-0.0216119607754026,-0.9569267538639185,0.0046569947
1.5623129530561581,-0.40571721855690457,-1.3131806351056838,0.0,0.0,0.6749925282269544,1.346332075269102,1.2810363884091442,-1.2222764482977682,1.0450120617509737,0.6428825
1.5692411701428817,-1.3113360099783788,-1.3131806351056838,0.0,0.0,0.7495783444427566,0.44757902101736496,-1.1872418166181087,1.179052526746963,-0.9569267538639185,0.40965086
1.5761693872296052,1.4055203642860443,-1.3131806351056838,0.0,0.0,-1.1789048164224176,1.346332075269102,0.046897285895517775,-1.2222764482977682,1.0450120617509737,0.03810785
1.5830976043163287,1.4055203642860443,-1.3131806351056838,0.0,0.0,0.318276623527024,0.44757902101736496,1.2810363884091442,1.179052526746963,-0.9569267538639185,0.327525
1.5900258214030523,0.4999015728645699,1.3667798447018338,0.0,0.0,-0.11174990374091574,-0.4511740332343719,0.046897285895517775,-0.0216119607754026,-0.9569267538639185,0.035837
1.5969540384897758,-0.40571721855690457,0.47345968476599465,0.0,0.0,1.0953900422360503,0.44757902101736496,1.2810363884091442,-0.0216119607754026,-0.9569267538639185,0.66911924
1.6038822555764993,-0.40571721855690457,0.47345968476599465,0.0,0.0,0.9777599343171995,0.44757902101736496,1.2810363884091442,1.179052526746963,-0.9569267538639185,0.6943947
1.6108104726632229,-0.40571721855690457,-0.41986047516984465,0.0,0.0,0.2342179402133321,-0.4511740332343719,-1.1872418166181087,-0.0216119607754026,-0.9569267538639185,0.03294251
1.6177386897499464,1.4055203642860443,-0.41986047516984465,0.0,0.0,1.406927657699891,1.346332075269102,1.2810363884091442,1.179052526746963,1.0450120617509737,0.6943947
1.6246669068366701,0.4999015728645699,1.3667798447018338,0.0,0.0,-0.19544424601238114,0.44757902101736496,0.046897285895517775,1.179052526746963,1.0450120617509737,0.09939224
1.6315951239233937,-1.3113360099783788,0.47345968476599465,0.0,0.0,-1.0983854460903548,0.44757902101736496,1.2810363884091442,-0.0216119607754026,1.0450120617509737,0.23498051
1.6385233410101172,1.4055203642860443,0.47345968476599465,0.0,0.0,0.8731159821177088,-0.4511740332343719,1.2810363884091442,1.179052526746963,-0.9569267538639185,0.6943947
1.6454515580968407,0.4999015728645699,-1.3131806351056838,0.0,0.0,0.25589623222581054,1.346332075269102,-1.1872418166181087,-1.2222764482977682,1.0450120617509737,0.036740556
1.6523797751835643,0.4999015728645699,1.3667798447018338,0.0,0.0,1.035221721548355,0.44757902101736496,1.2810363884091442,-1.2222764482977682,-0.9569267538639185,0.5371335
1.6593079922702878,-1.3113360099783788,1.3667798447018338,0.0,0.0,-1.1745066995555402,-0.4511740332343719,1.2810363884091442,-0.0216119607754026,-0.9569267538639185,0.02192745
1.6662362093570113,-1.3113360099783788,-1.3131806351056838,0.0,0.0,0.6827217631941886,0.44757902101736496,0.046897285895517775,-0.0216119607754026,1.0450120617509737,0.39572167
1.6731644264437349,-1.3113360099783788,1.3667798447018338,0.0,0.0,-1.5945658968825684,-1.3499270874861087,-1.1872418166181087,1.179052526746963,1.0450120617509737,0.013545989
1.6800926435304584,-0.40571721855690457,1.3667798447018338,0.0,0.0,-0.8356955546450278,-0.4511740332343719,-1.1872418166181087,1.179052526746963,-0.9569267538639185,0.013854881
1.687020860617182,-1.3113360099783788,-0.41986047516984465,0.0,0.0,1.5798335065965379,1.346332075269102,-1.1872418166181087,1.179052526746963,-0.9569267538639185,0.44723386
1.6939490777039055,0.4999015728645699,0.47345968476599465,0.0,0.0,1.0736076527829357,1.346332075269102,1.2810363884091442,1.179052526746963,1.0450120617509737,0.6943947
1.700877294790629,-1.3113360099783788,1.3667798447018338,0.0,0.0,0.6328070404091543,1.346332075269102,-1.1872418166181087,-1.2222764482977682,1.0450120617509737,0.5118198
1.7078055118773525,0.4999015728645699,-0.41986047516984465,0.0,0.0,-0.9471578892061865,1.346332075269102,1.2810363884091442,-1.2222764482977682,1.0450120617509737,0.22819833
1.714733728964076,1.4055203642860443,0.47345968476599465,0.0,0.0,-0.07836064965687031,0.44757902101736496,1.2810363884091442,-0.0216119607754026,1.0450120617509737,0.2585386
1.7216619460507996,-0.40571721855690457,-1.3131806351056838,0.0,0.0,-1.7323388595645144,0.44757902101736496,0.046897285895517775,1.179052526746963,-0.9569267538639185,0.024458334
1.7285901631375231,1.4055203642860443,-0.41986047516984465,0.0,0.0,-1.6390935771146822,1.346332075269102,0.046897285895517775,1.179052526746963,1.0450120617509737,0.024458334
